system:index,blue_L8_1,green_L8_1,landcover_L8_1,nir_L8_1,red_L8_1,swir1_L8_1,swir2_L8_1,blue_L8_2,green_L8_2,landcover_L8_2,nir_L8_2,red_L8_2,swir1_L8_2,swir2_L8_2
00000000000000000001_0,0.10688,0.17932,0,0.13964,0.18036,0.15612,0.10864,0.11632,0.16528,0,0.12952,0.14356,0.12964,0.0804
00000000000000000004_0,0.0883200000000001,0.15288,0,0.14016,0.17428,0.0827200000000001,0.0636800000000001,0.04592,0.10984,0,0.0419600000000001,0.0900800000000001,0.033,0.02704
00000000000000000007_0,0.0934200000000001,0.14238,0,0.5588,0.11436,0.28388,0.16496,0.0751200000000001,0.1324,0,0.45852,0.11964,0.26516,0.14492
0000000000000000000c_0,0.06232,0.10796,0,0.26104,0.09956,0.16184,0.0942400000000001,0.08064,0.11618,0,0.42394,0.11346,0.26346,0.16766
0000000000000000000d_0,0.0524200000000001,0.1059,0,0.02778,0.05224,0.0265400000000001,0.0230600000000001,0.0651000000000001,0.10008,0,0.0227800000000001,0.0473200000000001,0.0233400000000001,0.02036
00000000000000000013_0,0.07052,0.11452,0,0.27876,0.10112,0.19956,0.11448,0.02996,0.0588000000000001,0,0.28432,0.0436800000000001,0.12124,0.05216
00000000000000000015_0,0.12106,0.16532,0,0.27618,0.176,0.28188,0.20434,0.07368,0.10332,0,0.19792,0.0982000000000001,0.15636,0.10156
00000000000000000017_0,0.0695400000000001,0.10486,0,0.38986,0.08652,0.28588,0.14804,0.05182,0.08024,0,0.37522,0.0669400000000001,0.23574,0.1108
0000000000000000001a_0,0.11642,0.17096,0,0.0788000000000001,0.16622,0.0230600000000001,0.01492,0.13994,0.19102,0,0.1102,0.17772,0.0881000000000001,0.0707600000000001
0000000000000000001c_0,0.07592,0.10816,0,0.18348,0.10916,0.15476,0.11916,0.0712800000000001,0.11184,0,0.2338,0.10856,0.17092,0.12244
0000000000000000001e_0,0.07436,0.13704,0,0.02208,0.09372,0.0191600000000001,0.01468,0.0384400000000001,0.10208,0,0.00992,0.05984,0.0234000000000001,0.0237800000000001
0000000000000000001f_0,0.04084,0.07324,0,0.64768,0.0368000000000001,0.267,0.0969200000000001,0.02128,0.0667200000000001,0,0.59456,0.0329200000000001,0.21532,0.0774400000000001
00000000000000000020_0,0.10148,0.13032,0,0.06404,0.12032,0.0377600000000001,0.0293600000000001,0.08856,0.12972,0,0.0657200000000001,0.10564,0.0323600000000001,0.02124
00000000000000000022_0,0.07652,0.0960800000000001,0,0.14148,0.07924,0.10116,0.0569600000000001,0.05608,0.08876,0,0.17494,0.0725800000000001,0.10886,0.0570600000000001
00000000000000000025_0,0.12912,0.1558,0,0.30184,0.15632,0.33608,0.22916,0.11784,0.15964,0,0.42064,0.16112,0.34348,0.20492
00000000000000000027_0,0.0402400000000001,0.0806600000000001,0,0.1736,0.0664600000000001,0.10952,0.06658,0.03312,0.0844400000000001,0,0.201,0.0403600000000001,0.10824,0.0536
0000000000000000002a_0,0.06448,0.10654,0,0.40124,0.0767600000000001,0.21096,0.0997200000000001,0.0441000000000001,0.0979400000000001,0,0.5226,0.0601600000000001,0.20674,0.07994
0000000000000000002b_0,0.13264,0.1946,0,0.1102,0.1936,0.08556,0.0716800000000001,0.10656,0.16086,0,0.15846,0.18324,0.0875800000000001,0.04592
0000000000000000002c_0,0.05216,0.07436,0,0.47464,0.0495600000000001,0.21396,0.0862000000000001,0.045,0.0860400000000001,0,0.49392,0.05832,0.20152,0.0718400000000001
0000000000000000002d_0,0.0310800000000001,0.10544,0,0.00348,0.06848,0.00548,0.00664,0.04442,0.12798,0,0.0,0.08408,0.0029,0.0055
0000000000000000002e_0,0.07996,0.1582,0,0.3802,0.15688,0.30472,0.17872,0.04416,0.09656,0,0.2812,0.07224,0.13936,0.0710400000000001
0000000000000000002f_0,0.0528400000000001,0.11076,0,0.04828,0.0634000000000001,0.0506400000000001,0.04256,0.0842000000000001,0.1398,0,0.07336,0.0906400000000001,0.0292000000000001,0.0183200000000001
00000000000000000030_0,0.05892,0.0839200000000001,0,0.31344,0.0665200000000001,0.21618,0.13202,0.0448200000000001,0.0709600000000001,0,0.33646,0.0555000000000001,0.22674,0.12734
00000000000000000033_0,0.0671600000000001,0.1122,0,0.12476,0.11364,0.14356,0.11188,0.11262,0.14428,0,0.1226,0.14044,0.12408,0.0993800000000001
00000000000000000034_0,0.10314,0.14614,0,0.42584,0.14386,0.33602,0.21772,0.08232,0.11432,0,0.50334,0.0996800000000001,0.30306,0.15358
00000000000000000035_0,0.11164,0.15046,0,0.18664,0.15348,0.13908,0.0956000000000001,0.12168,0.15462,0,0.17266,0.16536,0.13388,0.09848
00000000000000000036_0,0.1464,0.17236,0,0.37968,0.1796,0.34916,0.24154,0.13842,0.17152,0,0.38822,0.19674,0.37184,0.26284
00000000000000000037_0,0.17108,0.23644,0,0.36804,0.26456,0.4258,0.324,0.19766,0.26226,0,0.38816,0.3092,0.39846,0.3308
00000000000000000038_0,0.11516,0.14232,0,0.36308,0.1398,0.31792,0.19496,0.0905800000000001,0.12026,0,0.31164,0.12406,0.29718,0.19602
00000000000000000039_0,0.0895800000000001,0.13776,0,0.26016,0.14068,0.18226,0.12268,0.0708800000000001,0.1148,0,0.36144,0.1004,0.2352,0.1416
0000000000000000003a_0,0.08352,0.1238,0,0.0422400000000001,0.0840400000000001,0.02024,0.01284,0.0979400000000001,0.15408,0,0.0368800000000001,0.13572,0.01442,0.00972
00000000000000000040_0,0.06382,0.0963000000000001,0,0.0260600000000001,0.05642,0.0167400000000001,0.0128600000000001,0.06554,0.11516,0,0.0373000000000001,0.0779800000000001,0.04132,0.0364
00000000000000000041_0,0.0864,0.11592,0,0.0502,0.0822000000000001,0.01664,0.01108,0.0881400000000001,0.13804,0,0.0479,0.11578,0.0166000000000001,0.0103200000000001
00000000000000000042_0,0.04738,0.08462,0,0.0,0.0276,0.00648,0.00828,0.10956,0.17342,0,0.0640600000000001,0.14286,0.06626,0.0577000000000001
00000000000000000046_0,0.0585600000000001,0.09296,0,0.0316000000000001,0.05288,0.0254,0.01984,0.036,0.0890600000000001,0,0.00812,0.0474,0.0198,0.0162
00000000000000000047_0,0.04034,0.0849600000000001,0,0.03128,0.0641400000000001,0.0224600000000001,0.01752,0.01336,0.0522,0,0.0137200000000001,0.0272000000000001,0.01284,0.01096
00000000000000000048_0,0.09672,0.13296,0,0.42592,0.11844,0.3158,0.1852,0.10044,0.14816,0,0.48852,0.15084,0.35228,0.22148
0000000000000000004a_0,0.09184,0.129,0,0.305,0.12788,0.24656,0.18032,0.0567000000000001,0.0934400000000001,0,0.6129,0.06006,0.20154,0.0780600000000001
0000000000000000004b_0,0.0927600000000001,0.1384,0,0.3988,0.12608,0.25112,0.15172,0.06046,0.11218,0,0.58978,0.0788000000000001,0.25822,0.12088
0000000000000000004d_0,0.0587200000000001,0.12716,0,0.0,0.0913200000000001,0.0113200000000001,0.0128800000000001,0.0293600000000001,0.14184,0,0.0349200000000001,0.12208,0.0349600000000001,0.0364
0000000000000000004e_0,0.0959200000000001,0.14604,0,0.2849,0.13958,0.20212,0.10332,0.1024,0.16096,0,0.32648,0.13776,0.25192,0.11904
00000000000000000050_0,0.0934400000000001,0.12536,0,0.2086,0.11664,0.19344,0.12648,0.0471200000000001,0.0656800000000001,0,0.0725600000000001,0.0514000000000001,0.0495200000000001,0.0343600000000001
00000000000000000054_0,0.1827,0.19816,0,0.34216,0.19818,0.36898,0.32024,0.1784,0.2026,0,0.367,0.20574,0.35544,0.29988
00000000000000000056_0,0.0577200000000001,0.11576,0,0.00864,0.05192,0.0206000000000001,0.01268,0.0384,0.11376,0,0.0,0.0682,0.00304,0.00592
00000000000000000057_0,0.14908,0.17136,0,0.27832,0.1784,0.28932,0.21448,0.11604,0.15368,0,0.3956,0.1534,0.25268,0.16712
0000000000000000005a_0,0.0706000000000001,0.11036,0,0.16432,0.0897600000000001,0.0863200000000001,0.0501200000000001,0.0557200000000001,0.08236,0,0.14344,0.0582400000000001,0.0735600000000001,0.04116
0000000000000000005e_0,0.03418,0.0647200000000001,0,0.5051,0.04508,0.2326,0.0931400000000001,0.0297000000000001,0.0577600000000001,0,0.5715,0.0325600000000001,0.20764,0.0688200000000001
0000000000000000005f_0,0.06092,0.0926400000000001,0,0.04516,0.0636800000000001,0.0153200000000001,0.00984,0.0573,0.08846,0,0.0662800000000001,0.0673,0.01828,0.0117400000000001
00000000000000000062_0,0.0760400000000001,0.12716,0,0.29448,0.14408,0.21848,0.12856,0.10528,0.14948,0,0.45326,0.17692,0.3771,0.21542
00000000000000000064_0,0.0378000000000001,0.0964800000000001,0,0.0184,0.07392,0.00948,0.00788,0.03626,0.1093,0,0.0160200000000001,0.0805000000000001,0.0124000000000001,0.00998
00000000000000000067_0,0.0557800000000001,0.0878800000000001,0,0.1171,0.07652,0.0803200000000001,0.0528200000000001,0.0394,0.0731200000000001,0,0.0864800000000001,0.0525000000000001,0.0553400000000001,0.0367000000000001
0000000000000000006b_0,0.0704200000000001,0.11698,0,0.2749,0.17738,0.25506,0.18036,0.06584,0.1271,0,0.3513,0.16622,0.26846,0.16438
0000000000000000006e_0,0.0988800000000001,0.1216,0,0.26796,0.10588,0.17768,0.11752,0.0843400000000001,0.12294,0,0.2626,0.103,0.17092,0.10948
00000000000000000072_0,0.12952,0.16456,0,0.28768,0.18728,0.30636,0.22032,0.14208,0.20236,0,0.3693,0.22542,0.36282,0.26438
00000000000000000075_0,0.15556,0.21536,0,0.29756,0.22008,0.30772,0.27388,0.13038,0.15768,0,0.232,0.1762,0.26554,0.22344
00000000000000000078_0,0.13644,0.17796,0,0.25176,0.19304,0.29336,0.265,0.17564,0.2078,0,0.27944,0.22652,0.3348,0.29988
0000000000000000007a_0,0.0595800000000001,0.11398,0,0.02208,0.05296,0.0268,0.0237800000000001,0.06522,0.10952,0,0.0333,0.0583200000000001,0.0361600000000001,0.03136
0000000000000000007e_0,0.1034,0.14068,0,0.22204,0.14568,0.21088,0.14728,0.07812,0.11304,0,0.26476,0.1164,0.19988,0.1212
00000000000000000080_0,0.10728,0.13944,0,0.2862,0.1458,0.32004,0.2252,0.18856,0.25496,0,0.43278,0.30344,0.49422,0.35612
00000000000000000081_0,0.09644,0.1356,0,0.15056,0.11908,0.11972,0.08728,0.06204,0.1063,0,0.1658,0.0838,0.11788,0.06776
00000000000000000082_0,0.08408,0.157,0,0.3192,0.17294,0.26676,0.16266,0.0540000000000001,0.1202,0,0.38004,0.0992400000000001,0.24984,0.12264
00000000000000000083_0,0.0969000000000001,0.13936,0,0.0618000000000001,0.12162,0.0254200000000001,0.0169000000000001,0.0883600000000001,0.13304,0,0.0376,0.13168,0.0132800000000001,0.01148
00000000000000000087_0,0.0763400000000001,0.11864,0,0.37474,0.1041,0.25268,0.14468,0.0444800000000001,0.0881400000000001,0,0.3955,0.0691600000000001,0.16198,0.0787000000000001
00000000000000000089_0,0.0429000000000001,0.0880200000000001,0,0.50472,0.08138,0.2347,0.12624,0.0444800000000001,0.0903600000000001,0,0.36928,0.09784,0.22292,0.12284
0000000000000000008b_0,0.0756000000000001,0.11852,0,0.07664,0.0948800000000001,0.0631600000000001,0.0499200000000001,0.0809600000000001,0.11166,0,0.0587200000000001,0.08896,0.0311,0.01668
0000000000000000008d_0,0.10896,0.1408,0,0.0698800000000001,0.11152,0.0731600000000001,0.05916,0.0728400000000001,0.11086,0,0.10102,0.0963800000000001,0.07558,0.0537800000000001
0000000000000000008e_0,0.0972400000000001,0.12196,0,0.13724,0.10528,0.0618400000000001,0.0369600000000001,0.10116,0.14078,0,0.15504,0.12996,0.0595600000000001,0.0317
0000000000000000008f_0,0.11344,0.13988,0,0.108,0.11902,0.1026,0.0804400000000001,0.0771600000000001,0.0970800000000001,0,0.11264,0.0962000000000001,0.13832,0.0988000000000001
00000000000000000091_0,0.0759000000000001,0.11998,0,0.33696,0.11006,0.23184,0.1401,0.0716800000000001,0.1306,0,0.38284,0.1084,0.25472,0.14428
00000000000000000093_0,0.0973200000000001,0.1388,0,0.0478400000000001,0.11004,0.0177200000000001,0.0105600000000001,0.10696,0.15598,0,0.0537600000000001,0.13592,0.0196,0.01184
00000000000000000095_0,0.0662,0.0886200000000001,0,0.2711,0.0937400000000001,0.27756,0.161,0.0450000000000001,0.0787200000000001,0,0.40002,0.0591000000000001,0.22166,0.10656
00000000000000000096_0,0.09496,0.13068,0,0.31764,0.1188,0.26432,0.1688,0.15172,0.19176,0,0.36648,0.18236,0.31532,0.20096
00000000000000000099_0,0.0668400000000001,0.0986400000000001,0,0.40516,0.07608,0.20196,0.10096,0.05544,0.0891600000000001,0,0.41596,0.07964,0.2378,0.1152
0000000000000000009a_0,0.05838,0.12978,0,0.12406,0.1283,0.10216,0.06182,0.0480400000000001,0.12082,0,0.0865000000000001,0.11258,0.0857600000000001,0.0486600000000001
0000000000000000009b_0,0.1118,0.13848,0,0.30112,0.14032,0.3297,0.22386,0.0698800000000001,0.10808,0,0.44328,0.0929200000000001,0.28668,0.15728
0000000000000000009e_0,0.06964,0.10036,0,0.43876,0.0725600000000001,0.227,0.1056,0.05074,0.0772400000000001,0,0.3877,0.05374,0.18462,0.0802400000000001
000000000000000000a1_0,0.0405000000000001,0.0853400000000001,0,0.41414,0.0517800000000001,0.21182,0.10162,0.04072,0.08696,0,0.57152,0.0570000000000001,0.24484,0.09928
000000000000000000a5_0,0.0856400000000001,0.12056,0,0.0386400000000001,0.0808,0.0134,0.00812,0.07522,0.14144,0,0.0257000000000001,0.11668,0.01262,0.0094
000000000000000000a6_0,0.06062,0.0909400000000001,0,0.36122,0.0783200000000001,0.23126,0.13742,0.0685600000000001,0.12028,0,0.43836,0.0938000000000001,0.24804,0.12144
000000000000000000a7_0,0.05604,0.10276,0,0.26004,0.0794400000000001,0.18092,0.09096,0.07592,0.14444,0,0.35968,0.14396,0.25824,0.1462
000000000000000000a9_0,0.04928,0.08628,0,0.4452,0.05688,0.21428,0.09472,0.07736,0.12444,0,0.40192,0.111,0.25904,0.1228
000000000000000000ab_0,0.16894,0.21104,0,0.1375,0.18472,0.12024,0.10036,0.11136,0.1415,0,0.13926,0.13732,0.16004,0.1179
000000000000000000ac_0,0.14604,0.18834,0,0.11312,0.17224,0.0891400000000001,0.07364,0.0956400000000001,0.13832,0,0.06246,0.1139,0.0521400000000001,0.04236
000000000000000000ad_0,0.04628,0.0833400000000001,0,0.41328,0.0921,0.2883,0.15492,0.04966,0.0791600000000001,0,0.44668,0.0835000000000001,0.29766,0.1528
000000000000000000b0_0,0.0852400000000001,0.12308,0,0.45594,0.10548,0.29026,0.14084,0.1122,0.15664,0,0.42344,0.16644,0.40652,0.24196
000000000000000000b4_0,0.07296,0.10432,0,0.0913200000000001,0.0983600000000001,0.04656,0.0365200000000001,0.0631200000000001,0.09056,0,0.08596,0.0716000000000001,0.0454000000000001,0.0276400000000001
000000000000000000b5_0,0.09356,0.13232,0,0.18372,0.14044,0.13952,0.0958000000000001,0.0872800000000001,0.12688,0,0.17056,0.13274,0.11304,0.0804000000000001
000000000000000000b8_0,0.05588,0.095,0,0.38296,0.0698,0.2052,0.10484,0.02952,0.0546200000000001,0,0.28064,0.0340600000000001,0.13356,0.05782
000000000000000000ba_0,0.09612,0.13752,0,0.29596,0.14004,0.27948,0.1902,0.07394,0.11176,0,0.40438,0.1081,0.2701,0.14266
000000000000000000bd_0,0.0451200000000001,0.0977000000000001,0,0.02132,0.0571400000000001,0.0276200000000001,0.0254200000000001,0.0379400000000001,0.09334,0,0.0155,0.04702,0.0249,0.0239200000000001
000000000000000000c0_0,0.10022,0.1339,0,0.33502,0.1336,0.29712,0.20434,0.0921600000000001,0.1212,0,0.41864,0.11036,0.28988,0.1838
000000000000000000c1_0,0.0667200000000001,0.0970800000000001,0,0.35076,0.0748,0.23252,0.11252,0.07624,0.12928,0,0.392,0.10204,0.2374,0.10372
000000000000000000c2_0,0.11268,0.16236,0,0.25672,0.18096,0.2384,0.19324,0.12746,0.18276,0,0.31618,0.21412,0.30002,0.23144
000000000000000000c6_0,0.12948,0.16232,0,0.2812,0.17764,0.33756,0.2882,0.13798,0.16938,0,0.31478,0.1759,0.38012,0.31308
000000000000000000cd_0,0.12084,0.1458,0,0.20752,0.13132,0.17372,0.12468,0.16074,0.2341,0,0.45426,0.34228,0.5524,0.34172
000000000000000000cf_0,0.13084,0.16484,0,0.31188,0.1706,0.2658,0.19388,0.10414,0.14192,0,0.36344,0.1405,0.26306,0.20716
000000000000000000d0_0,0.051,0.12118,0,0.0,0.0816600000000001,0.01014,0.0118,0.0542400000000001,0.12032,0,0.000920000000000032,0.0783200000000001,0.0158800000000001,0.0127200000000001
000000000000000000d2_0,0.181,0.21112,0,0.31196,0.23308,0.36692,0.31292,0.17544,0.22328,0,0.34636,0.24022,0.34074,0.2589
000000000000000000d5_0,0.0422400000000001,0.07352,0,0.27448,0.05432,0.155,0.0760400000000001,0.0307,0.06442,0,0.36326,0.03864,0.13662,0.0570600000000001
000000000000000000d8_0,0.0996000000000001,0.13948,0,0.0837200000000001,0.12572,0.0468000000000001,0.03856,0.10268,0.1526,0,0.04848,0.13904,0.0207600000000001,0.0156000000000001
000000000000000000da_0,0.06676,0.1088,0,0.22988,0.0926000000000001,0.12036,0.0568400000000001,0.05792,0.10302,0,0.203,0.08784,0.10128,0.05094
000000000000000000dc_0,0.04572,0.09168,0,0.4548,0.05904,0.24196,0.0997600000000001,0.0441200000000001,0.0995200000000001,0,0.46828,0.0638,0.2268,0.0872000000000001
000000000000000000e0_0,0.0904,0.13116,0,0.06408,0.11452,0.01928,0.0106000000000001,0.10024,0.15128,0,0.0399200000000001,0.12408,0.01524,0.00896
000000000000000000e2_0,0.05748,0.0886000000000001,0,0.35364,0.0676000000000001,0.183,0.0952000000000001,0.0745600000000001,0.11948,0,0.53492,0.10484,0.287,0.1328
000000000000000000e3_0,0.0820400000000001,0.11304,0,0.0486800000000001,0.0781600000000001,0.0178800000000001,0.01012,0.08104,0.1314,0,0.0417600000000001,0.0957200000000001,0.01928,0.012
000000000000000000e5_0,0.18976,0.188,0,0.34504,0.1796,0.38028,0.31848,0.1723,0.19378,0,0.37738,0.18816,0.35826,0.28482
000000000000000000e6_0,0.0442200000000001,0.0797800000000001,0,0.34362,0.071,0.26142,0.13978,0.03762,0.0763200000000001,0,0.48296,0.05066,0.24264,0.10318
000000000000000000eb_0,0.0866400000000001,0.1116,0,0.20604,0.10536,0.15736,0.11724,0.08644,0.13066,0,0.2372,0.13476,0.1622,0.11472
000000000000000000ec_0,0.15372,0.22964,0,0.40848,0.33036,0.57532,0.37184,0.16808,0.26608,0,0.43284,0.36812,0.52268,0.31492
000000000000000000ee_0,0.08044,0.10976,0,0.34588,0.11556,0.29966,0.1766,0.0607000000000001,0.0944800000000001,0,0.44358,0.07944,0.27942,0.14218
000000000000000000f2_0,0.0468000000000001,0.08196,0,0.47364,0.0594000000000001,0.22316,0.0945200000000001,0.0387600000000001,0.08552,0,0.45936,0.0536,0.20508,0.0781600000000001
000000000000000000f3_0,0.0529600000000001,0.0777200000000001,0,0.37976,0.0502,0.20764,0.0922000000000001,0.051,0.08852,0,0.38768,0.0595200000000001,0.20632,0.0837200000000001
000000000000000000f5_0,0.09376,0.12234,0,0.40716,0.10876,0.33766,0.19688,0.11296,0.13652,0,0.39468,0.12556,0.34364,0.18968
000000000000000000f7_0,0.0526,0.08968,0,0.49272,0.05764,0.24624,0.10968,0.05044,0.09484,0,0.44708,0.07092,0.27056,0.1224
000000000000000000fb_0,0.07052,0.11504,0,0.15336,0.10348,0.0939200000000001,0.0645600000000001,0.06664,0.106,0,0.14508,0.0903600000000001,0.0853200000000001,0.0599600000000001
000000000000000000fc_0,0.0645400000000001,0.0939600000000001,0,0.37506,0.0894400000000001,0.27546,0.15036,0.0708200000000001,0.0972,0,0.43276,0.0953000000000001,0.3144,0.18636
000000000000000000ff_0,0.08412,0.12268,0,0.3842,0.10732,0.29104,0.16132,0.10352,0.14912,0,0.41532,0.12908,0.29984,0.152
00000000000000000103_0,0.07868,0.0877600000000001,0,0.17736,0.0849200000000001,0.17764,0.1158,0.0664400000000001,0.08452,0,0.26922,0.08384,0.22604,0.12426
00000000000000000108_0,0.13288,0.17032,0,0.40252,0.18752,0.34224,0.23532,0.135,0.18128,0,0.42824,0.1948,0.385,0.251
0000000000000000010b_0,0.0694400000000001,0.10516,0,0.1236,0.0738400000000001,0.0814400000000001,0.05764,0.08652,0.1264,0,0.22898,0.1158,0.16622,0.12126
0000000000000000010d_0,0.0956000000000001,0.12444,0,0.3618,0.122,0.27088,0.17224,0.06916,0.0949,0,0.32306,0.0785800000000001,0.19476,0.11408
0000000000000000010e_0,0.0728800000000001,0.1271,0,0.16412,0.1269,0.04512,0.02544,0.0842800000000001,0.13416,0,0.1766,0.12928,0.12628,0.0707600000000001
0000000000000000010f_0,0.03262,0.0859200000000001,0,0.0,0.04344,0.00392,0.00562,0.135,0.15152,0,0.06564,0.11596,0.0300400000000001,0.01856
00000000000000000111_0,0.0838800000000001,0.11412,0,0.10296,0.0936400000000001,0.05248,0.0412400000000001,0.03732,0.0757200000000001,0,0.03744,0.04748,0.02152,0.01368
00000000000000000114_0,0.17366,0.2308,0,0.30384,0.25432,0.3109,0.2693,0.14964,0.18728,0,0.24644,0.20924,0.26916,0.23476
00000000000000000116_0,0.046,0.101,0,0.0349600000000001,0.0805600000000001,0.0164000000000001,0.01328,0.0,0.06704,0,0.00614,0.0439000000000001,0.02052,0.0203
00000000000000000119_0,0.0755400000000001,0.10706,0,0.0722000000000001,0.0887000000000001,0.03824,0.02804,0.0733200000000001,0.12248,0,0.0632600000000001,0.0964000000000001,0.0466600000000001,0.0359400000000001
0000000000000000011b_0,0.1088,0.15532,0,0.2274,0.16668,0.19652,0.12204,0.10432,0.15204,0,0.2342,0.15656,0.17996,0.10108
00000000000000000123_0,0.0786200000000001,0.10936,0,0.27468,0.1022,0.18982,0.11416,0.0707200000000001,0.11196,0,0.27504,0.0911600000000001,0.13992,0.07152
00000000000000000125_0,0.066,0.1219,0,0.24524,0.11954,0.18442,0.10514,0.0592800000000001,0.11844,0,0.2562,0.0896000000000001,0.141,0.0720000000000001
00000000000000000126_0,0.0616200000000001,0.10008,0,0.35156,0.09536,0.25328,0.15028,0.0355800000000001,0.07606,0,0.49044,0.0531,0.24308,0.10806
00000000000000000127_0,0.07284,0.11674,0,0.38052,0.1265,0.33448,0.19808,0.0830000000000001,0.1322,0,0.37624,0.13588,0.30456,0.18204
00000000000000000129_0,0.06926,0.1262,0,0.0444400000000001,0.07878,0.03714,0.0307000000000001,0.05216,0.0937200000000001,0,0.01434,0.03742,0.01848,0.01694
0000000000000000012a_0,0.13336,0.16908,0,0.23956,0.18024,0.22608,0.18612,0.13714,0.17242,0,0.30252,0.22378,0.2763,0.20372
0000000000000000012b_0,0.0809200000000001,0.11244,0,0.34558,0.11376,0.29848,0.1888,0.0628600000000001,0.0994200000000001,0,0.48504,0.0799800000000001,0.286,0.14576
0000000000000000012e_0,0.0420400000000001,0.07672,0,0.3986,0.0496,0.19096,0.0873400000000001,0.036,0.0569600000000001,0,0.41844,0.03712,0.1882,0.07392
00000000000000000131_0,0.10812,0.16646,0,0.39126,0.18118,0.4028,0.30148,0.08412,0.14732,0,0.42356,0.1344,0.37368,0.2436
00000000000000000132_0,0.0920400000000001,0.12804,0,0.32936,0.11122,0.28504,0.1882,0.0849200000000001,0.12664,0,0.34964,0.10916,0.27856,0.16356
00000000000000000133_0,0.0980800000000001,0.13116,0,0.3476,0.11796,0.23616,0.15496,0.0554800000000001,0.0798,0,0.24822,0.06836,0.13462,0.0729400000000001
00000000000000000134_0,0.07364,0.10338,0,0.22868,0.0867400000000001,0.18928,0.11528,0.0469600000000001,0.09412,0,0.24096,0.0648800000000001,0.13976,0.07208
00000000000000000135_0,0.06134,0.0888800000000001,0,0.3127,0.0762600000000001,0.2391,0.1317,0.05866,0.0870600000000001,0,0.39482,0.0801,0.27076,0.14586
00000000000000000136_0,0.07536,0.12116,0,0.13436,0.11424,0.10928,0.10052,0.0990200000000001,0.13156,0,0.24118,0.13004,0.205,0.14296
00000000000000000137_0,0.0754,0.1272,0,0.0485600000000001,0.10636,0.0147600000000001,0.00984,0.10482,0.15356,0,0.067,0.15188,0.01564,0.00946
00000000000000000139_0,0.17156,0.21132,0,0.25192,0.2304,0.2526,0.21124,0.24264,0.28288,0,0.4156,0.32792,0.44312,0.39216
0000000000000000013d_0,0.14036,0.18052,0,0.29936,0.20196,0.30612,0.26916,0.14636,0.18804,0,0.314,0.1966,0.31208,0.25304
0000000000000000013e_0,0.11168,0.15648,0,0.28196,0.17284,0.27408,0.2168,0.0998600000000001,0.15394,0,0.3396,0.17366,0.27836,0.2188
00000000000000000141_0,0.0564200000000001,0.0950200000000001,0,0.03428,0.0661200000000001,0.0296400000000001,0.0246400000000001,0.0351000000000001,0.0765800000000001,0,0.0106400000000001,0.0413000000000001,0.01778,0.01618
00000000000000000144_0,0.07006,0.13074,0,0.13736,0.12022,0.0968600000000001,0.0632000000000001,0.0601600000000001,0.12288,0,0.13164,0.0874400000000001,0.0522400000000001,0.03444
00000000000000000145_0,0.19868,0.25432,0,0.39448,0.28632,0.37012,0.30256,0.17468,0.22652,0,0.3602,0.25692,0.35296,0.26408
00000000000000000146_0,0.1191,0.13946,0,0.31,0.13564,0.28516,0.183,0.10712,0.13484,0,0.27652,0.1374,0.2368,0.13724
00000000000000000148_0,0.04432,0.0870600000000001,0,0.44598,0.0527200000000001,0.22498,0.104,0.03684,0.0644400000000001,0,0.41612,0.04828,0.22628,0.0977600000000001
00000000000000000149_0,0.10652,0.12392,0,0.13848,0.11536,0.09716,0.0691600000000001,0.0994200000000001,0.11662,0,0.13412,0.10998,0.1039,0.0757400000000001
0000000000000000014b_0,0.10444,0.1302,0,0.2994,0.131,0.19524,0.13368,0.0960400000000001,0.14222,0,0.36444,0.11582,0.25676,0.17564
0000000000000000014d_0,0.0369,0.09454,0,0.01714,0.05238,0.0256400000000001,0.0243600000000001,0.03806,0.0885400000000001,0,0.01876,0.0422600000000001,0.02766,0.0254000000000001
0000000000000000014e_0,0.04606,0.0875000000000001,0,0.0153800000000001,0.0519200000000001,0.01938,0.01628,0.0405000000000001,0.0732400000000001,0,0.01124,0.04038,0.01714,0.01558
00000000000000000152_0,0.0504000000000001,0.11916,0,0.0121600000000001,0.0926000000000001,0.00724,0.0076,0.0921600000000001,0.13206,0,0.0467400000000001,0.10074,0.01998,0.01222
00000000000000000153_0,0.0514800000000001,0.0788800000000001,0,0.27902,0.0707600000000001,0.21676,0.122,0.0423200000000001,0.07474,0,0.44018,0.0506400000000001,0.22738,0.10534
00000000000000000154_0,0.113,0.14132,0,0.21156,0.14948,0.23348,0.21448,0.13312,0.15536,0,0.24756,0.16932,0.249,0.20372
00000000000000000156_0,0.0609800000000001,0.0935200000000001,0,0.3238,0.0831800000000001,0.23534,0.13314,0.0443,0.0850000000000001,0,0.4883,0.05456,0.2237,0.0929
00000000000000000159_0,0.02572,0.0927600000000001,0,0.00624,0.05304,0.00732,0.00816,0.0539400000000001,0.13024,0,0.0152600000000001,0.1182,0.00876,0.00884
0000000000000000015b_0,0.148,0.18164,0,0.25352,0.1952,0.28112,0.25776,0.15184,0.20116,0,0.28144,0.213,0.3586,0.30084
0000000000000000015f_0,0.11908,0.14488,0,0.0976400000000001,0.1312,0.0559600000000001,0.0385200000000001,0.0854800000000001,0.12352,0,0.0644000000000001,0.11688,0.03932,0.02552
00000000000000000160_0,0.02184,0.05976,0,0.0707600000000001,0.04272,0.04044,0.0304,0.0282000000000001,0.05748,0,0.10408,0.03544,0.0266400000000001,0.01692
00000000000000000163_0,0.10012,0.14092,0,0.43248,0.1314,0.33864,0.22604,0.07964,0.12472,0,0.43372,0.11464,0.3058,0.19216
00000000000000000167_0,0.0560600000000001,0.0919400000000001,0,0.35942,0.0873200000000001,0.287,0.15602,0.0446400000000001,0.08666,0,0.51156,0.0579200000000001,0.26614,0.11272
0000000000000000016a_0,0.26396,0.41916,0,0.60728,0.51724,0.64436,0.442,0.24956,0.3692,0,0.59196,0.44956,0.70676,0.50476
0000000000000000016c_0,0.129,0.14824,0,0.21396,0.14836,0.22768,0.21552,0.1274,0.15636,0,0.2074,0.15422,0.20876,0.18394
0000000000000000016f_0,0.0394800000000001,0.0680000000000001,0,0.45584,0.0362400000000001,0.18764,0.06592,0.04432,0.0822000000000001,0,0.42152,0.0556800000000001,0.18996,0.06824
00000000000000000173_0,0.13464,0.18992,0,0.36868,0.21944,0.42972,0.2702,0.0850400000000001,0.13608,0,0.3046,0.15224,0.25836,0.15408
00000000000000000176_0,0.05888,0.0878,0,0.0416,0.05432,0.0439600000000001,0.03916,0.0688400000000001,0.10456,0,0.04876,0.0639600000000001,0.0423600000000001,0.03288
00000000000000000177_0,0.10996,0.13912,0,0.3268,0.14448,0.40412,0.28602,0.0733200000000001,0.1204,0,0.52436,0.0854,0.27984,0.1268
00000000000000000180_0,0.1092,0.15708,0,0.0657200000000001,0.14552,0.0396400000000001,0.02944,0.10196,0.15652,0,0.08212,0.13248,0.0323600000000001,0.0188800000000001
00000000000000000182_0,0.10328,0.13904,0,0.44672,0.11836,0.32024,0.1704,0.07048,0.11716,0,0.49804,0.097,0.35808,0.1718
00000000000000000188_0,0.0428000000000001,0.10952,0,0.0,0.0557200000000001,0.00796,0.01024,0.0408400000000001,0.10286,0,0.00322,0.04808,0.01588,0.01616
00000000000000000189_0,0.0761000000000001,0.0991600000000001,0,0.39846,0.0901200000000001,0.19274,0.10954,0.05846,0.0944400000000001,0,0.46284,0.0952200000000001,0.2321,0.12324
0000000000000000018a_0,0.10808,0.1414,0,0.0649600000000001,0.11564,0.01908,0.00972,0.09988,0.15256,0,0.0466,0.12204,0.02284,0.0161600000000001
0000000000000000018b_0,0.18696,0.27284,0,0.404,0.30896,0.51732,0.5246,0.24148,0.345,0,0.51324,0.39664,0.69748,0.59256
00000000000000000191_0,0.13664,0.17972,0,0.11424,0.16524,0.0897600000000001,0.07436,0.04056,0.0920400000000001,0,0.002,0.0727600000000001,0.00136,0.00272
00000000000000000194_0,0.07668,0.1108,0,0.0506,0.0778,0.04844,0.0465200000000001,0.0861000000000001,0.14318,0,0.0869000000000001,0.12918,0.07708,0.0718
00000000000000000196_0,0.0475200000000001,0.0846400000000001,0,0.48256,0.0644400000000001,0.21024,0.0915200000000001,0.0358,0.06518,0,0.49062,0.0451,0.18968,0.0743800000000001
00000000000000000198_0,0.08358,0.12738,0,0.32846,0.15454,0.35396,0.26294,0.0637400000000001,0.12002,0,0.46386,0.1293,0.34984,0.22772
00000000000000000199_0,0.07192,0.11928,0,0.16204,0.1072,0.10012,0.06692,0.06364,0.11064,0,0.22076,0.10308,0.11808,0.0674000000000001
0000000000000000019b_0,0.0788800000000001,0.11372,0,0.2514,0.09884,0.19144,0.11528,0.07692,0.11836,0,0.29316,0.09368,0.19728,0.10896
0000000000000000019d_0,0.0467600000000001,0.0846000000000001,0,0.25956,0.0839600000000001,0.19106,0.10794,0.03072,0.06736,0,0.26288,0.06378,0.1461,0.06806
0000000000000000019e_0,0.1478,0.18776,0,0.32384,0.20564,0.35652,0.31788,0.11524,0.1546,0,0.29804,0.15804,0.32452,0.26524
000000000000000001a3_0,0.0625200000000001,0.08956,0,0.43228,0.0609600000000001,0.22796,0.0996000000000001,0.0643000000000001,0.10606,0,0.52428,0.0673400000000001,0.2582,0.11004
000000000000000001a6_0,0.04062,0.0788200000000001,0,0.18558,0.0551000000000001,0.12022,0.0675800000000001,0.03052,0.0886400000000001,0,0.24596,0.0449600000000001,0.10504,0.0452000000000001
000000000000000001a9_0,0.0633000000000001,0.0885800000000001,0,0.36014,0.0796200000000001,0.21346,0.11804,0.0443000000000001,0.06784,0,0.51376,0.0511,0.20916,0.0840600000000001
000000000000000001aa_0,0.02612,0.0584400000000001,0,0.29012,0.0384,0.13436,0.0571200000000001,0.01756,0.03744,0,0.28052,0.02352,0.10464,0.0376
000000000000000001b1_0,0.051,0.08302,0,0.22542,0.08148,0.1777,0.09348,0.0482400000000001,0.0798,0,0.14612,0.0750000000000001,0.11932,0.06636
000000000000000001b4_0,0.13056,0.15148,0,0.27956,0.16592,0.37984,0.26908,0.16648,0.21348,0,0.35424,0.2316,0.43112,0.30302
000000000000000001b5_0,0.0541200000000001,0.12104,0,0.0333600000000001,0.0911600000000001,0.0264800000000001,0.01924,0.03944,0.12584,0,0.0526800000000001,0.09362,0.0342400000000001,0.02034
000000000000000001b8_0,0.0668800000000001,0.0999200000000001,0,0.40932,0.10208,0.25816,0.14416,0.05304,0.0874600000000001,0,0.47882,0.08682,0.24664,0.12498
000000000000000001ba_0,0.0831000000000001,0.12138,0,0.3027,0.12036,0.26096,0.17546,0.05644,0.10068,0,0.4212,0.0893200000000001,0.2714,0.152
000000000000000001bb_0,0.126,0.17416,0,0.0963600000000001,0.14856,0.0846000000000001,0.0721600000000001,0.10944,0.16124,0,0.0954400000000001,0.17612,0.02856,0.0286400000000001
000000000000000001bc_0,0.14708,0.1852,0,0.31416,0.21204,0.31792,0.27664,0.15468,0.19588,0,0.36002,0.22862,0.3245,0.26964
000000000000000001bd_0,0.10784,0.1898,0,0.53112,0.201,0.4394,0.31428,0.0998000000000001,0.17012,0,0.49024,0.17614,0.38324,0.25572
00000000000000000161_0,0.0476400000000001,0.0765600000000001,0,0.30004,0.05964,0.18508,0.09672,0.0428000000000001,0.0730000000000001,0,0.41664,0.05172,0.20144,0.0889200000000001
000000000000000000bc_0,0.0675800000000001,0.0833400000000001,0,0.28716,0.0639400000000001,0.14768,0.07434,0.0681600000000001,0.10296,0,0.4064,0.06976,0.16016,0.0662400000000001
00000000000000000068_0,0.0649800000000001,0.09118,0,0.36294,0.0722400000000001,0.23386,0.11576,0.0564200000000001,0.0850000000000001,0,0.43794,0.0631200000000001,0.24676,0.11186
0000000000000000014c_0,0.0461200000000001,0.09612,0,0.46716,0.0592,0.22752,0.10332,0.0369600000000001,0.07864,0,0.48212,0.04816,0.19896,0.0814800000000001
000000000000000000be_0,0.07236,0.097,0,0.3504,0.0703200000000001,0.16332,0.08212,0.0619,0.0883000000000001,0,0.38832,0.06662,0.1712,0.0763400000000001
00000000000000000151_0,0.0897600000000001,0.1078,0,0.0419600000000001,0.0701200000000001,0.01592,0.0096,0.0754600000000001,0.1009,0,0.0425800000000001,0.0668200000000001,0.01986,0.0123200000000001
00000000000000000121_0,0.03658,0.0726000000000001,0,0.35384,0.0520600000000001,0.21442,0.10236,0.03244,0.0820000000000001,0,0.47084,0.0452000000000001,0.20424,0.08136
0000000000000000000b_0,0.06238,0.09226,0,0.39616,0.08124,0.2634,0.13426,0.0389,0.0735400000000001,0,0.54494,0.04484,0.2375,0.0962000000000001
00000000000000000110_0,0.0630600000000001,0.10762,0,0.47022,0.0800400000000001,0.27728,0.13328,0.05632,0.11012,0,0.48536,0.07812,0.24516,0.09812
0000000000000000006d_0,0.07236,0.10832,0,0.07092,0.0919200000000001,0.05876,0.0472400000000001,0.02538,0.0553,0,0.0332200000000001,0.03998,0.02318,0.0151000000000001
00000000000000000113_0,0.0686800000000001,0.11144,0,0.23724,0.0955200000000001,0.18316,0.1322,0.0482400000000001,0.08652,0,0.26788,0.0655600000000001,0.1466,0.0909200000000001
00000000000000000118_0,0.0509600000000001,0.0945200000000001,0,0.245,0.07136,0.12292,0.05976,0.0550400000000001,0.10204,0,0.31654,0.0786200000000001,0.1402,0.0693400000000001
0000000000000000015a_0,0.0856400000000001,0.11164,0,0.38536,0.0953200000000001,0.254,0.13328,0.06704,0.0961600000000001,0,0.40732,0.0834400000000001,0.233,0.11088
000000000000000000cb_0,0.10792,0.16712,0,0.11096,0.15416,0.0828800000000001,0.0691200000000001,0.1022,0.15716,0,0.0722,0.1432,0.0471200000000001,0.03632
0000000000000000009d_0,0.07292,0.11456,0,0.31832,0.08656,0.20268,0.11508,0.0514000000000001,0.0944600000000001,0,0.32486,0.07594,0.18914,0.10726
000000000000000000c4_0,0.0400600000000001,0.10166,0,0.0,0.0644600000000001,0.0056,0.00712,0.03788,0.10904,0,0.01368,0.06564,0.01912,0.01656
000000000000000001af_0,0.0599200000000001,0.09114,0,0.0464600000000001,0.0635000000000001,0.0294000000000001,0.02358,0.0495400000000001,0.0767000000000001,0,0.0418,0.0529000000000001,0.03684,0.0297000000000001
00000000000000000000_0,0.0624200000000001,0.0891000000000001,0,0.41232,0.0676000000000001,0.23264,0.1054,0.0604000000000001,0.0960400000000001,0,0.47168,0.0700000000000001,0.23756,0.0938800000000001
00000000000000000079_0,0.118,0.18808,0,0.37824,0.23972,0.38268,0.25504,0.13896,0.22208,0,0.4484,0.27072,0.4432,0.28036
000000000000000000c3_0,0.0546400000000001,0.09826,0,0.39592,0.08584,0.25824,0.14722,0.03944,0.0808400000000001,0,0.52852,0.0573400000000001,0.24616,0.1262
0000000000000000014f_0,0.0672400000000001,0.10948,0,0.49852,0.1152,0.3292,0.18654,0.0706600000000001,0.11336,0,0.58124,0.10376,0.3492,0.1936
000000000000000001a8_0,0.0699400000000001,0.12508,0,0.0459000000000001,0.0867800000000001,0.03386,0.02582,0.0572600000000001,0.10754,0,0.0158600000000001,0.06346,0.01806,0.0159000000000001
000000000000000000a0_0,0.11668,0.14364,0,0.29068,0.1604,0.3636,0.2452,0.0908000000000001,0.14944,0,0.443,0.1262,0.33064,0.17504
00000000000000000166_0,0.06956,0.12676,0,0.0609200000000001,0.0795400000000001,0.0632800000000001,0.05064,0.0439400000000001,0.10126,0,0.03156,0.05732,0.0439200000000001,0.0381000000000001
00000000000000000065_0,0.10504,0.14424,0,0.307,0.14916,0.29948,0.22764,0.05776,0.0937600000000001,0,0.39664,0.0690000000000001,0.17412,0.09084
0000000000000000012f_0,0.0658800000000001,0.0959600000000001,0,0.39028,0.0696000000000001,0.23744,0.1256,0.0678,0.0957600000000001,0,0.47528,0.0688,0.279,0.13664
00000000000000000061_0,0.0850200000000001,0.12324,0,0.3538,0.14142,0.33344,0.22556,0.0712400000000001,0.1172,0,0.30748,0.13124,0.25378,0.17808
00000000000000000171_0,0.0705600000000001,0.1098,0,0.391,0.0986400000000001,0.26412,0.13312,0.0498400000000001,0.09128,0,0.50668,0.0652400000000001,0.22416,0.09916
0000000000000000009f_0,0.0933600000000001,0.12472,0,0.20888,0.10648,0.10788,0.0579600000000001,0.0916400000000001,0.13196,0,0.33684,0.12344,0.2062,0.11688
00000000000000000138_0,0.0898600000000001,0.13586,0,0.43732,0.12078,0.31824,0.18968,0.14444,0.23556,0,0.56936,0.24844,0.53788,0.33628
000000000000000000a8_0,0.0719000000000001,0.10064,0,0.20042,0.0937400000000001,0.17016,0.0995800000000001,0.0644400000000001,0.10536,0,0.21868,0.08012,0.1276,0.06088
000000000000000000f0_0,0.10624,0.14328,0,0.1992,0.13592,0.14556,0.0884,0.10046,0.13904,0,0.20014,0.14012,0.14658,0.0856000000000001
0000000000000000000f_0,0.0398800000000001,0.0828600000000001,0,0.00962,0.036,0.0113,0.0103800000000001,0.01234,0.04324,0,0.0,0.0138200000000001,0.00644,0.0071
000000000000000000e8_0,0.0963200000000001,0.13288,0,0.30696,0.1206,0.27088,0.19152,0.124,0.17648,0,0.30948,0.20328,0.34564,0.25492
00000000000000000076_0,0.04948,0.11568,0,0.03612,0.0906400000000001,0.0137600000000001,0.01004,0.0931000000000001,0.1539,0,0.0696800000000001,0.13992,0.02406,0.0140400000000001
00000000000000000006_0,0.0413000000000001,0.0813200000000001,0,0.02174,0.0291200000000001,0.0217800000000001,0.01904,0.0344,0.06706,0,0.00288,0.01874,0.0056,0.00616
00000000000000000094_0,0.0658,0.0986800000000001,0,0.43492,0.0927600000000001,0.3652,0.18196,0.0412000000000001,0.0802000000000001,0,0.39712,0.05548,0.2324,0.10848
00000000000000000186_0,0.1032,0.14438,0,0.29972,0.14646,0.2615,0.1735,0.0811000000000001,0.11804,0,0.3936,0.10786,0.26618,0.15222
000000000000000000bb_0,0.0931600000000001,0.0907200000000001,0,0.12464,0.092,0.17392,0.15876,0.13936,0.139,0,0.15884,0.13308,0.22324,0.19644
0000000000000000011a_0,0.12512,0.18008,0,0.09884,0.16676,0.0818,0.0696800000000001,0.10958,0.1627,0,0.12826,0.1849,0.0411600000000001,0.0356800000000001
00000000000000000105_0,0.10356,0.13384,0,0.26084,0.13692,0.28596,0.23316,0.0947400000000001,0.12206,0,0.29142,0.11624,0.27196,0.20566
000000000000000000af_0,0.1086,0.1636,0,0.10084,0.14492,0.05392,0.0345200000000001,0.0740400000000001,0.12606,0,0.0873400000000001,0.1062,0.04764,0.02884
000000000000000000c8_0,0.0914,0.14704,0,0.0674000000000001,0.15304,0.0114400000000001,0.0072,0.0939200000000001,0.168,0,0.12948,0.1728,0.0138800000000001,0.00936
000000000000000000bf_0,0.06964,0.1088,0,0.35592,0.0906400000000001,0.23876,0.13792,0.05888,0.11124,0,0.3802,0.0798800000000001,0.18548,0.0842800000000001
00000000000000000172_0,0.04016,0.0942000000000001,0,0.0438000000000001,0.0558400000000001,0.05636,0.0476800000000001,0.0445,0.0852000000000001,0,0.04514,0.05388,0.0430000000000001,0.0345800000000001
00000000000000000164_0,0.10324,0.154,0,0.04748,0.13768,0.01364,0.00824,0.11696,0.18552,0,0.14996,0.2177,0.0159800000000001,0.0108200000000001
0000000000000000017f_0,0.0462400000000001,0.10368,0,0.27212,0.08856,0.14112,0.0874,0.05788,0.11896,0,0.50508,0.10208,0.2454,0.12848
00000000000000000178_0,0.0314800000000001,0.09196,0,0.0167200000000001,0.07696,0.00968,0.00848,0.0688800000000001,0.12344,0,0.0289200000000001,0.10252,0.01456,0.01024
000000000000000001a1_0,0.0972200000000001,0.12866,0,0.33868,0.14166,0.43654,0.29362,0.0569800000000001,0.10326,0,0.53866,0.0764000000000001,0.3411,0.16798
000000000000000001ad_0,0.0446,0.10848,0,0.41252,0.07908,0.2654,0.12728,0.0492400000000001,0.1028,0,0.41672,0.07812,0.22408,0.11796
0000000000000000006f_0,0.09328,0.13316,0,0.4051,0.13668,0.37388,0.23368,0.0130400000000001,0.06088,0,0.34096,0.0384,0.18336,0.0828
0000000000000000003b_0,0.05274,0.10216,0,0.1503,0.10908,0.11166,0.0727,0.04072,0.0928000000000001,0,0.17864,0.10624,0.093,0.0540000000000001
000000000000000000f1_0,0.10128,0.14464,0,0.27572,0.13824,0.2464,0.16568,0.10752,0.14768,0,0.36616,0.13732,0.28568,0.16472
00000000000000000162_0,0.0268,0.0917600000000001,0,0.00332,0.04748,0.00492,0.00568,0.0444600000000001,0.12136,0,0.01478,0.10054,0.0107200000000001,0.00972
0000000000000000019f_0,0.12724,0.17344,0,0.35684,0.18724,0.3564,0.2776,0.1656,0.19916,0,0.39936,0.22164,0.3668,0.281
00000000000000000165_0,0.11116,0.14314,0,0.08924,0.11788,0.04982,0.03296,0.10376,0.13474,0,0.11492,0.12914,0.04028,0.0248600000000001
00000000000000000181_0,0.03012,0.10364,0,0.00644,0.0668800000000001,0.00616,0.00716,0.05648,0.13856,0,0.0028,0.10196,0.00638,0.00672
000000000000000001a7_0,0.0570600000000001,0.1064,0,0.0219200000000001,0.07814,0.01414,0.01156,0.0413200000000001,0.0967400000000001,0,0.0,0.0635800000000001,0.00974,0.01202
0000000000000000007f_0,0.0406,0.0998000000000001,0,0.0298000000000001,0.052,0.04388,0.0420800000000001,0.0612,0.0962400000000001,0,0.0214400000000001,0.0426000000000001,0.02372,0.02152
00000000000000000197_0,0.09584,0.1408,0,0.0850000000000001,0.13084,0.03096,0.0183200000000001,0.10464,0.1532,0,0.10976,0.1546,0.0319200000000001,0.0197600000000001
0000000000000000015d_0,0.0387200000000001,0.0604400000000001,0,0.0456600000000001,0.04158,0.0218,0.01572,0.0535400000000001,0.0836200000000001,0,0.10064,0.05594,0.0385000000000001,0.0286400000000001
00000000000000000002_0,0.2174,0.33572,0,0.44092,0.35728,0.37884,0.36656,0.21388,0.34588,0,0.476,0.34468,0.35068,0.3144
0000000000000000004f_0,0.0882400000000001,0.12666,0,0.21212,0.1473,0.21338,0.18046,0.1023,0.15798,0,0.26858,0.1782,0.28894,0.22834
0000000000000000009c_0,0.11128,0.14936,0,0.28834,0.1704,0.28666,0.24536,0.1105,0.1568,0,0.30274,0.18156,0.28798,0.24288
000000000000000000a3_0,0.07436,0.11068,0,0.36408,0.09572,0.20352,0.11772,0.06472,0.0989400000000001,0,0.38542,0.0809800000000001,0.20402,0.11122
00000000000000000100_0,0.0194,0.0711200000000001,0,0.00572,0.03284,0.01764,0.0187200000000001,0.0959600000000001,0.11256,0,0.04532,0.0797600000000001,0.02084,0.01392
00000000000000000158_0,0.15068,0.1706,0,0.30836,0.19016,0.32584,0.25804,0.0904,0.14676,0,0.51204,0.12952,0.35736,0.22236
00000000000000000187_0,0.10324,0.1539,0,0.31422,0.16928,0.28444,0.22482,0.0850400000000001,0.13892,0,0.35084,0.14116,0.2796,0.18564
000000000000000000c7_0,0.0495600000000001,0.09384,0,0.0150000000000001,0.05448,0.0114400000000001,0.00936,0.0725200000000001,0.1137,0,0.10972,0.0928400000000001,0.1068,0.06484
00000000000000000104_0,0.0623200000000001,0.08816,0,0.0461000000000001,0.0676200000000001,0.0336200000000001,0.0271400000000001,0.0472600000000001,0.08246,0,0.02548,0.0580000000000001,0.0237800000000001,0.01978
0000000000000000018e_0,0.0686800000000001,0.0858800000000001,0,0.06992,0.0662800000000001,0.07596,0.0672800000000001,0.0558400000000001,0.09816,0,0.0850400000000001,0.0716800000000001,0.0839200000000001,0.0651600000000001
00000000000000000077_0,0.12736,0.17304,0,0.23532,0.18176,0.15056,0.12132,0.0910200000000001,0.1289,0,0.16462,0.122,0.15054,0.11522
0000000000000000007b_0,0.0423800000000001,0.0996000000000001,0,0.04048,0.0893400000000001,0.0199600000000001,0.0150400000000001,0.0518,0.09662,0,0.034,0.0811,0.02446,0.0213
000000000000000001ab_0,0.1664,0.1946,0,0.2466,0.20868,0.28864,0.24504,0.16946,0.20312,0,0.23422,0.21268,0.25446,0.21504
00000000000000000016_0,0.1197,0.15332,0,0.34516,0.1623,0.29398,0.19532,0.11154,0.1457,0,0.36234,0.15006,0.31256,0.20028
000000000000000000ef_0,0.13748,0.1768,1,0.2768,0.18808,0.29844,0.21312,0.14184,0.182,1,0.35312,0.19308,0.26108,0.16516
0000000000000000010c_0,0.02164,0.0634000000000001,1,0.45912,0.0385200000000001,0.12776,0.04788,0.0245000000000001,0.0699200000000001,1,0.4576,0.04124,0.14192,0.0568600000000001
0000000000000000016d_0,0.0963600000000001,0.15536,1,0.23288,0.16,0.18392,0.16108,0.10748,0.1716,1,0.26468,0.17748,0.18248,0.1398
000000000000000001c0_0,0.0535600000000001,0.0869200000000001,1,0.37484,0.0661200000000001,0.10996,0.0442400000000001,0.044,0.07608,1,0.3922,0.0532400000000001,0.1396,0.0535200000000001
000000000000000001c1_0,0.0334200000000001,0.06018,1,0.30972,0.0458,0.10998,0.0467200000000001,0.05888,0.0886400000000001,1,0.289,0.0753200000000001,0.12836,0.0724000000000001
000000000000000001c2_0,0.11346,0.15932,1,0.13434,0.14232,0.0984,0.0647400000000001,0.11438,0.15986,1,0.20742,0.17148,0.14764,0.0814000000000001
000000000000000001c3_0,0.11256,0.16588,1,0.10668,0.15416,0.0489600000000001,0.0294,0.11748,0.16832,1,0.2585,0.18646,0.1741,0.0956400000000001
000000000000000001c6_0,0.06208,0.0959600000000001,1,0.18708,0.08796,0.10712,0.0602400000000001,0.0393600000000001,0.07296,1,0.28084,0.05076,0.11932,0.04972
000000000000000001c8_0,0.0840000000000001,0.11072,1,0.27488,0.10912,0.186,0.11184,0.1022,0.136,1,0.2984,0.12692,0.20456,0.11068
000000000000000001c9_0,0.0601600000000001,0.11248,1,0.14024,0.11596,0.04204,0.02628,0.0584400000000001,0.1103,1,0.12058,0.11714,0.0320800000000001,0.0182000000000001
000000000000000001cd_0,0.03312,0.0724400000000001,1,0.25436,0.0419200000000001,0.0692,0.02728,0.0476,0.0948000000000001,1,0.40932,0.0598000000000001,0.1368,0.0442400000000001
000000000000000001ce_0,0.0573400000000001,0.09032,1,0.3263,0.06842,0.12312,0.0520600000000001,0.05022,0.08268,1,0.37108,0.05868,0.1468,0.05952
000000000000000001cf_0,0.10888,0.14772,1,0.21242,0.15812,0.20198,0.12864,0.0835600000000001,0.11694,1,0.2996,0.11588,0.19896,0.11704
000000000000000001d0_0,0.0502800000000001,0.0808800000000001,1,0.24176,0.05792,0.14588,0.07336,0.05388,0.08756,1,0.2708,0.0649600000000001,0.125,0.0580000000000001
000000000000000001d2_0,0.03872,0.07456,1,0.48092,0.05512,0.19908,0.0917800000000001,0.0404800000000001,0.0830000000000001,1,0.5688,0.04716,0.18916,0.08828
000000000000000001d3_0,0.0206000000000001,0.0652800000000001,1,0.63816,0.03388,0.17848,0.06164,0.0800000000000001,0.15664,1,0.51664,0.126,0.25296,0.17556
000000000000000001d5_0,0.03044,0.0634000000000001,1,0.35848,0.0412400000000001,0.10788,0.04204,0.0314000000000001,0.06998,1,0.42064,0.0425400000000001,0.10754,0.03998
000000000000000001d6_0,0.0862000000000001,0.12436,1,0.30236,0.12248,0.20372,0.10852,0.0980800000000001,0.14084,1,0.30716,0.12712,0.2118,0.10524
000000000000000001d9_0,0.08752,0.12244,1,0.12916,0.0964800000000001,0.0706000000000001,0.0539600000000001,0.0752,0.11376,1,0.16896,0.1076,0.09916,0.05916
000000000000000001e4_0,0.0641600000000001,0.10876,1,0.33578,0.0989400000000001,0.23472,0.1627,0.09396,0.13196,1,0.3752,0.12336,0.24248,0.15776
000000000000000001e8_0,0.0522600000000001,0.08576,1,0.34772,0.0642400000000001,0.14098,0.06878,0.03018,0.0587800000000001,1,0.36444,0.03894,0.1272,0.0510400000000001
000000000000000001e9_0,0.1062,0.13172,1,0.1602,0.12584,0.11764,0.07824,0.1034,0.14796,1,0.21348,0.1324,0.1448,0.07636
000000000000000001ef_0,0.03232,0.0849200000000001,1,0.45404,0.0535000000000001,0.12488,0.04594,0.03186,0.08074,1,0.50852,0.0517,0.15378,0.0557000000000001
000000000000000001f2_0,0.021,0.0558400000000001,1,0.42676,0.03084,0.11228,0.0384800000000001,0.03182,0.0727200000000001,1,0.4463,0.0481200000000001,0.12922,0.05766
000000000000000001f3_0,0.0853,0.13038,1,0.1437,0.11564,0.0979000000000001,0.0549,0.07536,0.0989400000000001,1,0.14922,0.0961200000000001,0.11372,0.0609400000000001
000000000000000001f8_0,0.10392,0.1494,1,0.1776,0.14302,0.13778,0.08246,0.0889200000000001,0.129,1,0.2768,0.11404,0.15784,0.0864800000000001
000000000000000001f9_0,0.0374,0.0723200000000001,1,0.35526,0.0534000000000001,0.1186,0.0512000000000001,0.04446,0.0892800000000001,1,0.43934,0.06412,0.15328,0.0711600000000001
000000000000000001fa_0,0.05272,0.0989600000000001,1,0.30812,0.0882000000000001,0.2396,0.13728,0.0398000000000001,0.07468,1,0.3818,0.05776,0.15536,0.07364
000000000000000001fb_0,0.0567200000000001,0.09342,1,0.243,0.0730000000000001,0.1098,0.0512400000000001,0.0738800000000001,0.1134,1,0.31792,0.09612,0.16036,0.07268
000000000000000001fc_0,0.06168,0.107,1,0.33202,0.0844600000000001,0.14754,0.07794,0.0334,0.07096,1,0.44308,0.0370400000000001,0.193,0.0778800000000001
000000000000000001fe_0,0.09556,0.12598,1,0.2016,0.1175,0.0915200000000001,0.0493000000000001,0.06472,0.0991800000000001,1,0.2073,0.08974,0.0784000000000001,0.03776
00000000000000000202_0,0.0242000000000001,0.06608,1,0.33048,0.0369200000000001,0.10628,0.0449600000000001,0.04004,0.0741600000000001,1,0.30716,0.0571200000000001,0.1226,0.0686000000000001
00000000000000000205_0,0.0490800000000001,0.0840400000000001,1,0.2916,0.0733200000000001,0.11288,0.0577200000000001,0.03128,0.06304,1,0.35588,0.047,0.08996,0.0389200000000001
0000000000000000020a_0,0.0817600000000001,0.11768,1,0.26824,0.12008,0.187,0.10552,0.0842800000000001,0.1242,1,0.273,0.11776,0.17544,0.0922000000000001
0000000000000000020b_0,0.0315200000000001,0.06748,1,0.4218,0.0406,0.15296,0.0624400000000001,0.0386,0.09184,1,0.43588,0.0541200000000001,0.14328,0.051
0000000000000000020c_0,0.1459,0.22044,1,0.4346,0.2549,0.44678,0.3594,0.13788,0.19336,1,0.47632,0.21168,0.44628,0.29292
0000000000000000020d_0,0.0862000000000001,0.11992,1,0.22108,0.11344,0.16864,0.12196,0.08064,0.12518,1,0.3944,0.10806,0.2301,0.12476
00000000000000000215_0,0.0917000000000001,0.14552,1,0.19626,0.1427,0.20066,0.13136,0.0634200000000001,0.11594,1,0.15226,0.10744,0.12342,0.0808400000000001
00000000000000000217_0,0.0489800000000001,0.0878600000000001,1,0.38752,0.0645800000000001,0.13988,0.0679000000000001,0.0281,0.0588000000000001,1,0.41266,0.0359400000000001,0.12532,0.04736
00000000000000000219_0,0.0752,0.103,1,0.29528,0.0916000000000001,0.20196,0.12256,0.0562,0.0873200000000001,1,0.37748,0.0847200000000001,0.22376,0.11788
000000000000000001eb_0,0.0508400000000001,0.0950800000000001,1,0.28808,0.08396,0.13132,0.0658800000000001,0.04016,0.0798400000000001,1,0.30952,0.0688,0.14412,0.0625200000000001
000000000000000000d9_0,0.0611200000000001,0.0968000000000001,1,0.2342,0.0777200000000001,0.0929200000000001,0.04432,0.04556,0.0760000000000001,1,0.24872,0.0560800000000001,0.08568,0.037
00000000000000000200_0,0.0355200000000001,0.0803200000000001,1,0.27924,0.06264,0.08324,0.032,0.0357800000000001,0.07542,1,0.36352,0.0528,0.0921,0.03502
000000000000000001c5_0,0.0307000000000001,0.0504200000000001,1,0.25836,0.0393200000000001,0.0947400000000001,0.04704,0.0410000000000001,0.06396,1,0.26416,0.0532600000000001,0.11272,0.06074
000000000000000001c4_0,0.02296,0.06484,1,0.45176,0.0436800000000001,0.1167,0.04434,0.0110000000000001,0.0545600000000001,1,0.49944,0.0274800000000001,0.1228,0.03716
000000000000000001f1_0,0.0636000000000001,0.11,1,0.31332,0.0999200000000001,0.1438,0.07492,0.0561,0.11384,1,0.35792,0.0928000000000001,0.14432,0.0657600000000001
00000000000000000143_0,0.0775600000000001,0.11064,1,0.38136,0.0870800000000001,0.24108,0.13248,0.05892,0.0953200000000001,1,0.35572,0.0790000000000001,0.20524,0.11232
00000000000000000211_0,0.0393600000000001,0.07424,1,0.3644,0.0545200000000001,0.13384,0.05576,0.0485600000000001,0.0996800000000001,1,0.38012,0.07048,0.13916,0.05276
000000000000000001e7_0,0.05452,0.09138,1,0.31292,0.07048,0.1138,0.048,0.0543400000000001,0.0900800000000001,1,0.3604,0.0700200000000001,0.14624,0.06128
000000000000000001f0_0,0.0357800000000001,0.08016,1,0.22942,0.0706600000000001,0.08906,0.0417800000000001,0.0280000000000001,0.0685800000000001,1,0.21156,0.05674,0.0832600000000001,0.0385200000000001
000000000000000001dd_0,0.0933600000000001,0.12772,1,0.33116,0.12052,0.2034,0.11948,0.0714400000000001,0.11064,1,0.34272,0.0858800000000001,0.1492,0.0599600000000001
000000000000000001d8_0,0.0443600000000001,0.0986400000000001,1,0.38088,0.0584400000000001,0.12436,0.04728,0.0374,0.0874400000000001,1,0.40352,0.04948,0.1324,0.04384
000000000000000001dc_0,0.0219,0.06794,1,0.32302,0.0489,0.12284,0.0533,0.04928,0.11268,1,0.35124,0.08524,0.15608,0.0654400000000001
000000000000000001df_0,0.05938,0.0966400000000001,1,0.3689,0.0748200000000001,0.18682,0.08094,0.04842,0.0905400000000001,1,0.4099,0.0633600000000001,0.19188,0.0784600000000001
000000000000000001c7_0,0.0750400000000001,0.12376,1,0.0824,0.104,0.03316,0.0198,0.0869200000000001,0.13016,1,0.20548,0.1358,0.16736,0.09784
0000000000000000020e_0,0.0354600000000001,0.07522,1,0.36298,0.06024,0.12464,0.0533400000000001,0.04272,0.09728,1,0.35916,0.0807200000000001,0.1584,0.0810000000000001
000000000000000001cb_0,0.03448,0.06764,1,0.3377,0.0505400000000001,0.10112,0.0439600000000001,0.0485200000000001,0.0904800000000001,1,0.32704,0.0777600000000001,0.1352,0.07492
000000000000000001ed_0,0.0880400000000001,0.12552,1,0.11144,0.0952000000000001,0.03344,0.01556,0.05898,0.09734,1,0.09928,0.0714400000000001,0.0313,0.01472
000000000000000001e0_0,0.08628,0.1332,1,0.1196,0.1012,0.0374800000000001,0.01612,0.0619,0.09598,1,0.11784,0.07628,0.0509600000000001,0.02552
00000000000000000216_0,0.04084,0.0713200000000001,1,0.33328,0.0504000000000001,0.12024,0.04504,0.04648,0.092,1,0.3512,0.0612800000000001,0.12556,0.0450800000000001
00000000000000000210_0,0.03996,0.07488,1,0.2422,0.06096,0.0826200000000001,0.0407,0.03828,0.0759800000000001,1,0.24822,0.0563,0.0823,0.0382800000000001
000000000000000001e2_0,0.0538000000000001,0.0993200000000001,1,0.34664,0.0972400000000001,0.27516,0.1486,0.03898,0.0955600000000001,1,0.50588,0.0817400000000001,0.2712,0.13956
00000000000000000206_0,0.10752,0.14664,1,0.14716,0.12904,0.12028,0.0824400000000001,0.09368,0.12856,1,0.12968,0.11556,0.11192,0.0698800000000001
000000000000000001e1_0,0.06704,0.0931600000000001,1,0.30004,0.08108,0.15816,0.0724000000000001,0.0768,0.1178,1,0.31624,0.0942400000000001,0.15196,0.0569600000000001
000000000000000000e4_0,0.05088,0.08252,1,0.21448,0.0698400000000001,0.0873600000000001,0.04704,0.05176,0.0888800000000001,1,0.25008,0.0696000000000001,0.0934400000000001,0.0434800000000001
000000000000000000d1_0,0.06048,0.09544,0,0.0300800000000001,0.05188,0.0211600000000001,0.0153200000000001,0.0387,0.0943600000000001,0,0.000560000000000033,0.0487000000000001,0.009,0.00914
00000000000000000024_0,0.0486400000000001,0.0938000000000001,0,0.0672800000000001,0.0724400000000001,0.0423600000000001,0.02924,0.0307600000000001,0.0813200000000001,0,0.0349600000000001,0.0551200000000001,0.0201600000000001,0.0136000000000001
0000000000000000005d_0,0.10684,0.14932,0,0.07696,0.11088,0.0656000000000001,0.0511200000000001,0.06692,0.13124,0,0.0606200000000001,0.0826800000000001,0.05996,0.0487600000000001
0000000000000000016e_0,0.0284800000000001,0.09668,0,0.00756,0.0585600000000001,0.0064,0.00748,0.0718200000000001,0.14664,0,0.00932,0.11054,0.00664,0.00606
00000000000000000128_0,0.04072,0.11372,0,0.0444800000000001,0.06092,0.03712,0.03,0.0305000000000001,0.0701600000000001,0,0.01298,0.0246,0.02374,0.02248
000000000000000000d4_0,0.0377400000000001,0.0578600000000001,0,0.00124,0.00748,0.01474,0.01534,0.0248,0.0243200000000001,0,0.0,0.0,0.01252,0.0132
0000000000000000001d_0,0.0316,0.0729200000000001,0,0.0,0.0117,0.01266,0.01444,0.0171800000000001,0.0473,0,0.00526,0.0135,0.0116600000000001,0.01186
00000000000000000183_0,0.03412,0.11026,0,0.01614,0.05082,0.0375200000000001,0.0354600000000001,0.11812,0.15584,0,0.05148,0.0989600000000001,0.01956,0.01224
000000000000000000aa_0,0.0525000000000001,0.0971200000000001,0,0.0478200000000001,0.0625600000000001,0.0277400000000001,0.02174,0.0410400000000001,0.0805600000000001,0,0.03318,0.0489200000000001,0.0341400000000001,0.03002
000000000000000000f4_0,0.10184,0.13672,0,0.05988,0.10864,0.0182000000000001,0.00952,0.0462000000000001,0.13818,0,0.0309400000000001,0.10588,0.01842,0.0128200000000001
000000000000000000cc_0,0.0784400000000001,0.11772,0,0.0606800000000001,0.09716,0.0167200000000001,0.01152,0.0846200000000001,0.12916,0,0.1147,0.10922,0.0506,0.0272400000000001
000000000000000000e7_0,0.0718,0.0909200000000001,0,0.05816,0.0695600000000001,0.01836,0.01052,0.0787200000000001,0.11504,0,0.04948,0.0929200000000001,0.0199200000000001,0.0134400000000001
00000000000000000098_0,0.04116,0.0750400000000001,0,0.0223200000000001,0.0448000000000001,0.01268,0.00844,0.03332,0.07378,0,0.03482,0.05546,0.0348,0.0301800000000001
000000000000000001b3_0,0.10944,0.14892,0,0.05192,0.12644,0.01608,0.00928,0.11718,0.16356,0,0.04802,0.1434,0.0165800000000001,0.00982
00000000000000000092_0,0.04596,0.08402,0,0.0,0.02602,0.00402,0.00546,0.0516800000000001,0.0970800000000001,0,0.01612,0.04032,0.02128,0.01764
0000000000000000015e_0,0.023,0.0598400000000001,0,0.0254,0.0277600000000001,0.041,0.0322000000000001,0.0951600000000001,0.11024,0,0.0621200000000001,0.0782000000000001,0.0452000000000001,0.02868
000000000000000000e9_0,0.0794800000000001,0.11348,0,0.05004,0.10796,0.0253200000000001,0.02124,0.0626,0.0994000000000001,0,0.02362,0.0811400000000001,0.01438,0.0101
00000000000000000055_0,0.0834200000000001,0.11002,0,0.20644,0.10528,0.21334,0.13006,0.0733400000000001,0.10942,0,0.26748,0.11474,0.21664,0.1186
0000000000000000013b_0,0.0913600000000001,0.1176,0,0.11124,0.11396,0.0893200000000001,0.06208,0.05592,0.0832800000000001,0,0.1528,0.0728400000000001,0.0894400000000001,0.06576
00000000000000000008_0,0.04444,0.0827200000000001,0,0.3172,0.04944,0.18948,0.10748,0.01362,0.0368200000000001,0,0.21016,0.01932,0.08684,0.03714
00000000000000000213_0,0.0686800000000001,0.11304,1,0.1234,0.0952000000000001,0.0505200000000001,0.03244,0.0756200000000001,0.11132,1,0.13822,0.1043,0.04864,0.0279
000000000000000000ed_0,0.0944,0.13804,0,0.20112,0.12856,0.15324,0.10212,0.08584,0.12932,0,0.215,0.11876,0.16244,0.09716
00000000000000000212_0,0.0451200000000001,0.0844,1,0.3084,0.0737200000000001,0.14032,0.0560000000000001,0.03684,0.09328,1,0.31788,0.05892,0.12908,0.0530800000000001
00000000000000000051_0,0.1242,0.16044,0,0.29232,0.16604,0.24864,0.19468,0.1342,0.17636,0,0.38028,0.18728,0.29264,0.20824
0000000000000000016b_0,0.0615000000000001,0.10254,0,0.3134,0.1124,0.22426,0.14804,0.0508800000000001,0.0897600000000001,0,0.41958,0.0756600000000001,0.23546,0.10762
000000000000000001a2_0,0.0608000000000001,0.0973200000000001,0,0.40142,0.0857600000000001,0.27668,0.16276,0.1967,0.25018,0,0.63644,0.2284,0.4147,0.24604
00000000000000000069_0,0.0,0.0707600000000001,0,0.30384,0.07296,0.31652,0.23688,0.12616,0.17432,0,0.3422,0.1662,0.27004,0.18168
000000000000000001a4_0,0.0846000000000001,0.115,0,0.36076,0.10412,0.25524,0.16032,0.0618400000000001,0.0956000000000001,0,0.35724,0.0873200000000001,0.20512,0.12648
00000000000000000058_0,0.0744400000000001,0.11562,0,0.32792,0.1413,0.37822,0.26226,0.14338,0.26164,0,0.54496,0.3304,0.62674,0.50476
00000000000000000169_0,0.0992000000000001,0.12668,0,0.28132,0.1334,0.31108,0.20028,0.1154,0.14792,0,0.30748,0.15268,0.32232,0.1964
00000000000000000009_0,0.0700200000000001,0.09926,0,0.3472,0.1004,0.21164,0.13056,0.04228,0.0768400000000001,0,0.4738,0.0667200000000001,0.21792,0.1114
00000000000000000112_0,0.11922,0.17018,0,0.361,0.1822,0.30166,0.22088,0.13542,0.1855,0,0.4158,0.19202,0.34742,0.24248
0000000000000000003c_0,0.0869200000000001,0.11416,0,0.34372,0.10332,0.2258,0.13488,0.09496,0.13576,0,0.401,0.11832,0.26364,0.14256
00000000000000000208_0,0.0897200000000001,0.12618,1,0.18676,0.10746,0.0898000000000001,0.05484,0.0747600000000001,0.1124,1,0.22852,0.0913600000000001,0.11284,0.0566800000000001
000000000000000000d3_0,0.21364,0.27284,0,0.41784,0.31156,0.39864,0.35464,0.2198,0.30032,0,0.4312,0.32452,0.37784,0.31356
00000000000000000029_0,0.14532,0.17596,0,0.28712,0.18824,0.28312,0.1994,0.18132,0.22648,0,0.34648,0.25094,0.33046,0.25594
000000000000000001d1_0,0.0611600000000001,0.10144,1,0.3229,0.0792400000000001,0.13758,0.0629400000000001,0.0432000000000001,0.0873200000000001,1,0.4074,0.0532400000000001,0.1202,0.04548
0000000000000000003f_0,0.0979,0.1374,0,0.29618,0.13468,0.27204,0.17172,0.1126,0.14696,0,0.38964,0.12676,0.23612,0.12444
00000000000000000070_0,0.17736,0.20564,0,0.3486,0.24856,0.36464,0.27848,0.20152,0.23436,0,0.38444,0.24184,0.3704,0.26872
000000000000000001b9_0,0.13958,0.20278,0,0.37924,0.25454,0.49674,0.43142,0.1268,0.1914,0,0.39732,0.23104,0.51564,0.42672
00000000000000000059_0,0.11472,0.14156,0,0.30928,0.13844,0.30104,0.20532,0.10302,0.12928,0,0.36696,0.13418,0.33838,0.19996
00000000000000000097_0,0.0332400000000001,0.0702,0,0.43028,0.0465200000000001,0.18836,0.0734000000000001,0.03972,0.0861600000000001,0,0.45096,0.0524000000000001,0.18816,0.0668800000000001
0000000000000000019c_0,0.14124,0.17608,0,0.3712,0.2,0.4806,0.39694,0.129,0.1568,0,0.40152,0.16428,0.41588,0.29704
00000000000000000032_0,0.05766,0.10398,0,0.319,0.11194,0.22554,0.12368,0.0402400000000001,0.101,0,0.26436,0.0854,0.11612,0.0673200000000001
00000000000000000066_0,0.06552,0.09756,0,0.44404,0.0711600000000001,0.23668,0.11056,0.0886400000000001,0.11484,0,0.42228,0.0864,0.24724,0.1078
00000000000000000192_0,0.0724000000000001,0.10308,0,0.39268,0.0966400000000001,0.25016,0.13592,0.0552000000000001,0.0834200000000001,0,0.4737,0.071,0.21872,0.1046
000000000000000000b1_0,0.0869400000000001,0.12586,0,0.36888,0.11248,0.27382,0.17388,0.09168,0.12716,0,0.41892,0.11604,0.243,0.13948
00000000000000000021_0,0.0840400000000001,0.1504,0,0.22292,0.16852,0.0694000000000001,0.0416800000000001,0.05388,0.0898000000000001,0,0.59604,0.0554000000000001,0.26292,0.11804
00000000000000000124_0,0.05176,0.1036,0,0.37644,0.0823200000000001,0.23796,0.13072,0.03334,0.0627200000000001,0,0.35148,0.04968,0.19234,0.08818
00000000000000000147_0,0.04988,0.10356,0,0.3666,0.0727600000000001,0.21528,0.11708,0.0142400000000001,0.0397400000000001,0,0.20452,0.0229,0.0960000000000001,0.0416800000000001
000000000000000001e6_0,0.04028,0.07436,1,0.36772,0.05348,0.1414,0.0582400000000001,0.03916,0.07636,1,0.43328,0.0489200000000001,0.13716,0.0512400000000001
000000000000000000fd_0,0.05366,0.1007,0,0.4317,0.0669800000000001,0.24004,0.12162,0.0552800000000001,0.0970800000000001,0,0.49524,0.06792,0.24856,0.1194
00000000000000000102_0,0.05968,0.10742,0,0.57388,0.0842600000000001,0.30684,0.14466,0.06248,0.10812,0,0.5762,0.09512,0.3388,0.16432
00000000000000000168_0,0.07546,0.11424,0,0.43838,0.10072,0.36474,0.20686,0.052,0.10108,0,0.50896,0.07152,0.27228,0.11944
