system:index,blue_L8_1,green_L8_1,landcover_L8_1,nir_L8_1,red_L8_1,swir1_L8_1,swir2_L8_1
00000000000000000001_0,0.10688000000000000,0.17932000000000000,0,0.13964000000000000,0.18036000000000000,0.15612000000000000,0.10864000000000000
00000000000000000003_0,0.11468000000000000,0.14644000000000000,0,0.3487200000000000,0.16180000000000000,0.3496000000000000,0.22400000000000000
00000000000000000004_0,0.08832000000000010,0.15288000000000000,0,0.14016000000000000,0.17428000000000000,0.08272000000000010,0.06368000000000010
00000000000000000005_0,0.12584000000000000,0.17372000000000000,0,0.3323200000000000,0.2076800000000000,0.39632000000000000,0.34932
00000000000000000007_0,0.09342000000000010,0.14238000000000000,0,0.5588000000000000,0.11436000000000000,0.28388,0.16496000000000000
0000000000000000000a_0,0.09156000000000000,0.10932000000000000,0,0.04288000000000000,0.06564000000000000,0.019760000000000100,0.012680000000000000
0000000000000000000c_0,0.06232000000000000,0.10796000000000000,0,0.2610400000000000,0.09956000000000000,0.16184000000000000,0.09424000000000010
0000000000000000000d_0,0.05242000000000010,0.10590000000000000,0,0.027780000000000000,0.052240000000000000,0.026540000000000100,0.023060000000000100
0000000000000000000e_0,0.07504000000000010,0.10268000000000000,0,0.39788000000000000,0.11104000000000000,0.3402000000000000,0.20172000000000000
00000000000000000013_0,0.07052000000000000,0.11452000000000000,0,0.27876000000000000,0.10112000000000000,0.19956000000000000,0.11448000000000000
00000000000000000015_0,0.12106000000000000,0.16532000000000000,0,0.2761800000000000,0.17600000000000000,0.2818800000000000,0.20434000000000000
00000000000000000017_0,0.06954000000000010,0.10486000000000000,0,0.38986000000000000,0.08652000000000000,0.2858800000000000,0.14804000000000000
00000000000000000018_0,0.06584000000000010,0.09672000000000000,0,0.37588000000000000,0.09212000000000000,0.2568000000000000,0.13976000000000000
00000000000000000019_0,0.09592000000000010,0.16252000000000000,0,0.2788000000000000,0.17920000000000000,0.2386000000000000,0.12052000000000000
0000000000000000001a_0,0.11642000000000000,0.17096000000000000,0,0.07880000000000010,0.16622000000000000,0.023060000000000100,0.014920000000000000
0000000000000000001c_0,0.07592000000000000,0.10816000000000000,0,0.18348000000000000,0.10916000000000000,0.15476000000000000,0.11916000000000000
0000000000000000001e_0,0.07436000000000000,0.13704000000000000,0,0.022080000000000000,0.09372000000000000,0.019160000000000100,0.014680000000000000
0000000000000000001f_0,0.04084000000000000,0.07324000000000000,0,0.64768,0.036800000000000100,0.26700000000000000,0.09692000000000010
00000000000000000020_0,0.10148000000000000,0.13032000000000000,0,0.06404000000000000,0.12032000000000000,0.03776000000000010,0.029360000000000100
00000000000000000022_0,0.07652000000000000,0.09608000000000010,0,0.14148000000000000,0.07924000000000000,0.10116000000000000,0.056960000000000100
00000000000000000025_0,0.12912000000000000,0.15580000000000000,0,0.30184000000000000,0.15632000000000000,0.3360800000000000,0.22916000000000000
00000000000000000027_0,0.040240000000000100,0.08066000000000010,0,0.17360000000000000,0.06646000000000010,0.10952000000000000,0.06658000000000000
0000000000000000002a_0,0.06448000000000000,0.10654000000000000,0,0.40124000000000000,0.07676000000000010,0.21096000000000000,0.09972000000000010
0000000000000000002b_0,0.13264000000000000,0.19460000000000000,0,0.11020000000000000,0.19360000000000000,0.08556000000000000,0.07168000000000010
0000000000000000002c_0,0.05216000000000000,0.07436000000000000,0,0.4746400000000000,0.04956000000000010,0.2139600000000000,0.08620000000000010
0000000000000000002d_0,0.031080000000000100,0.10544000000000000,0,0.0034800000000000400,0.06848000000000000,0.00548000000000004,0.006640000000000040
0000000000000000002e_0,0.07996000000000000,0.15820000000000000,0,0.38020000000000000,0.15688000000000000,0.30472000000000000,0.17872000000000000
0000000000000000002f_0,0.052840000000000100,0.11076000000000000,0,0.048280000000000000,0.06340000000000010,0.050640000000000100,0.04256000000000000
00000000000000000030_0,0.05892000000000000,0.08392000000000010,0,0.31344000000000000,0.06652000000000010,0.2161800000000000,0.13202000000000000
00000000000000000033_0,0.06716000000000010,0.11220000000000000,0,0.12476000000000000,0.11364000000000000,0.14356000000000000,0.11188000000000000
00000000000000000034_0,0.10314000000000000,0.14614000000000000,0,0.4258400000000000,0.14386000000000000,0.33602000000000000,0.21772000000000000
00000000000000000035_0,0.11164000000000000,0.15046000000000000,0,0.18664000000000000,0.15348000000000000,0.13908000000000000,0.09560000000000010
00000000000000000036_0,0.14640000000000000,0.17236000000000000,0,0.3796800000000000,0.17960000000000000,0.3491600000000000,0.24154000000000000
00000000000000000037_0,0.17108000000000000,0.23644000000000000,0,0.3680400000000000,0.2645600000000000,0.4258000000000000,0.3240000000000000
00000000000000000038_0,0.11516000000000000,0.14232000000000000,0,0.3630800000000000,0.13980000000000000,0.31792000000000000,0.19496000000000000
00000000000000000039_0,0.08958000000000010,0.13776000000000000,0,0.26016000000000000,0.14068000000000000,0.18226000000000000,0.12268000000000000
0000000000000000003a_0,0.08352000000000000,0.12380000000000000,0,0.042240000000000100,0.08404000000000010,0.020240000000000000,0.012840000000000000
00000000000000000040_0,0.06382000000000000,0.09630000000000010,0,0.026060000000000100,0.056420000000000000,0.01674000000000010,0.012860000000000100
00000000000000000041_0,0.08640000000000000,0.11592000000000000,0,0.05020000000000000,0.08220000000000010,0.016640000000000000,0.011080000000000000
00000000000000000042_0,0.04738000000000000,0.08462000000000000,0,0.0,0.02760000000000000,0.006480000000000040,0.008280000000000040
00000000000000000043_0,0.15470000000000000,0.17848000000000000,0,0.4043800000000000,0.16176000000000000,0.36330000000000000,0.3133
00000000000000000044_0,0.03500000000000000,0.07612000000000010,0,0.0044000000000000700,0.022840000000000000,0.007000000000000060,0.007080000000000030
00000000000000000045_0,0.10460000000000000,0.14636000000000000,0,0.16204000000000000,0.14808000000000000,0.15436000000000000,0.09732000000000010
00000000000000000046_0,0.058560000000000100,0.09296000000000000,0,0.03160000000000010,0.05288000000000000,0.025400000000000000,0.019840000000000000
00000000000000000047_0,0.04034000000000000,0.08496000000000010,0,0.03128000000000000,0.06414000000000010,0.022460000000000100,0.017520000000000000
00000000000000000048_0,0.09672000000000000,0.13296000000000000,0,0.42592000000000000,0.11844000000000000,0.3158,0.18520000000000000
00000000000000000049_0,0.10840000000000000,0.15220000000000000,0,0.06332000000000000,0.13232000000000000,0.01940000000000000,0.011720000000000100
0000000000000000004a_0,0.09184000000000000,0.12900000000000000,0,0.3050000000000000,0.12788000000000000,0.24656000000000000,0.18032000000000000
0000000000000000004b_0,0.09276000000000010,0.13840000000000000,0,0.3988000000000000,0.12608000000000000,0.25112000000000000,0.15172000000000000
0000000000000000004d_0,0.05872000000000010,0.12716000000000000,0,0.0,0.09132000000000010,0.011320000000000100,0.012880000000000100
0000000000000000004e_0,0.09592000000000010,0.14604000000000000,0,0.2849000000000000,0.13958000000000000,0.20212000000000000,0.10332000000000000
00000000000000000050_0,0.09344000000000010,0.12536000000000000,0,0.20860000000000000,0.11664000000000000,0.19344000000000000,0.12648000000000000
00000000000000000052_0,0.07708000000000000,0.10908000000000000,0,0.05076000000000000,0.08600000000000010,0.018760000000000100,0.010240000000000000
00000000000000000054_0,0.18270000000000000,0.19816000000000000,0,0.3421600000000000,0.19818000000000000,0.3689800000000000,0.3202400000000000
00000000000000000056_0,0.05772000000000010,0.11576000000000000,0,0.008640000000000040,0.05192000000000000,0.020600000000000100,0.012680000000000000
00000000000000000057_0,0.14908000000000000,0.17136000000000000,0,0.27832000000000000,0.17840000000000000,0.2893200000000000,0.21448000000000000
0000000000000000005a_0,0.07060000000000010,0.11036000000000000,0,0.16432000000000000,0.08976000000000010,0.08632000000000010,0.05012000000000010
0000000000000000005b_0,0.06942000000000000,0.12040000000000000,0,0.12620000000000000,0.12192000000000000,0.07606000000000000,0.04490000000000010
0000000000000000005c_0,0.027400000000000000,0.07560000000000010,0,0.0,0.011320000000000100,0.005920000000000040,0.006880000000000050
0000000000000000005e_0,0.034180000000000000,0.06472000000000010,0,0.5051000000000000,0.04508000000000000,0.23260000000000000,0.09314000000000010
0000000000000000005f_0,0.06092000000000000,0.09264000000000010,0,0.04516000000000000,0.06368000000000010,0.015320000000000100,0.009840000000000070
00000000000000000062_0,0.07604000000000010,0.12716000000000000,0,0.29448,0.14408000000000000,0.21848000000000000,0.12856000000000000
00000000000000000064_0,0.037800000000000100,0.09648000000000010,0,0.018400000000000000,0.07392000000000000,0.009480000000000040,0.007880000000000050
00000000000000000067_0,0.05578000000000010,0.08788000000000010,0,0.11710000000000000,0.07652000000000000,0.08032000000000010,0.05282000000000010
0000000000000000006a_0,0.035200000000000100,0.09968000000000010,0,0.0036800000000000200,0.04600000000000000,0.009720000000000060,0.009080000000000030
0000000000000000006b_0,0.07042000000000010,0.11698000000000000,0,0.2749000000000000,0.17738000000000000,0.25506000000000000,0.18036000000000000
0000000000000000006e_0,0.09888000000000010,0.12160000000000000,0,0.26796000000000000,0.10588000000000000,0.17768000000000000,0.11752000000000000
00000000000000000072_0,0.12952000000000000,0.16456000000000000,0,0.2876800000000000,0.18728000000000000,0.30636,0.22032000000000000
00000000000000000074_0,0.030480000000000100,0.08400000000000010,0,0.0,0.023200000000000100,0.0044800000000000400,0.005840000000000070
00000000000000000075_0,0.15556000000000000,0.21536000000000000,0,0.2975600000000000,0.2200800000000000,0.30772000000000000,0.27388000000000000
00000000000000000078_0,0.13644000000000000,0.17796000000000000,0,0.25176000000000000,0.19304000000000000,0.2933600000000000,0.26500000000000000
0000000000000000007a_0,0.05958000000000010,0.11398000000000000,0,0.022080000000000000,0.052960000000000000,0.026800000000000000,0.02378000000000010
0000000000000000007e_0,0.10340000000000000,0.14068000000000000,0,0.22204000000000000,0.14568000000000000,0.21088,0.14728000000000000
00000000000000000080_0,0.10728000000000000,0.13944000000000000,0,0.28620000000000000,0.14580000000000000,0.32004000000000000,0.2252
00000000000000000081_0,0.09644000000000000,0.13560000000000000,0,0.15056000000000000,0.11908000000000000,0.11972000000000000,0.08728000000000000
00000000000000000082_0,0.08408000000000000,0.15700000000000000,0,0.3192000000000000,0.17294000000000000,0.26676000000000000,0.16266000000000000
00000000000000000083_0,0.09690000000000010,0.13936000000000000,0,0.06180000000000010,0.12162000000000000,0.025420000000000100,0.016900000000000100
00000000000000000084_0,0.07564000000000000,0.10036000000000000,0,0.4155600000000000,0.09416000000000010,0.2916,0.15688000000000000
00000000000000000086_0,0.14296000000000000,0.17204000000000000,0,0.39608000000000000,0.19180000000000000,0.32824000000000000,0.2347200000000000
00000000000000000087_0,0.07634000000000010,0.11864000000000000,0,0.3747400000000000,0.10410000000000000,0.25268000000000000,0.14468000000000000
00000000000000000089_0,0.04290000000000010,0.08802000000000010,0,0.5047200000000000,0.08138000000000000,0.23470000000000000,0.12624000000000000
0000000000000000008b_0,0.07560000000000010,0.11852000000000000,0,0.07664000000000000,0.09488000000000010,0.06316000000000010,0.049920000000000100
0000000000000000008c_0,0.06524000000000010,0.11048000000000000,0,0.15224000000000000,0.10188000000000000,0.050400000000000100,0.02796000000000000
0000000000000000008d_0,0.10896000000000000,0.14080000000000000,0,0.06988000000000010,0.11152000000000000,0.07316000000000010,0.059160000000000000
0000000000000000008e_0,0.09724000000000010,0.12196000000000000,0,0.13724000000000000,0.10528000000000000,0.06184000000000010,0.03696000000000010
0000000000000000008f_0,0.11344000000000000,0.13988000000000000,0,0.10800000000000000,0.11902000000000000,0.10260000000000000,0.08044000000000010
00000000000000000090_0,0.18324000000000000,0.2546000000000000,0,0.34512000000000000,0.2860000000000000,0.34824000000000000,0.2781200000000000
00000000000000000091_0,0.07590000000000010,0.11998000000000000,0,0.33696000000000000,0.11006000000000000,0.23184000000000000,0.14010000000000000
00000000000000000093_0,0.09732000000000010,0.13880000000000000,0,0.04784000000000010,0.11004000000000000,0.01772000000000010,0.01056000000000010
00000000000000000095_0,0.06620000000000000,0.08862000000000010,0,0.27110000000000000,0.09374000000000010,0.2775600000000000,0.16100000000000000
00000000000000000096_0,0.09496000000000000,0.13068000000000000,0,0.3176400000000000,0.11880000000000000,0.26432000000000000,0.16880000000000000
00000000000000000099_0,0.06684000000000010,0.09864000000000010,0,0.40516000000000000,0.07608000000000000,0.20196000000000000,0.10096000000000000
0000000000000000009a_0,0.05838000000000000,0.12978000000000000,0,0.12406000000000000,0.12830000000000000,0.10216000000000000,0.06182000000000000
0000000000000000009b_0,0.11180000000000000,0.13848000000000000,0,0.3011200000000000,0.14032000000000000,0.3297000000000000,0.22386000000000000
0000000000000000009e_0,0.06964000000000000,0.10036000000000000,0,0.4387600000000000,0.07256000000000010,0.22700000000000000,0.10560000000000000
000000000000000000a1_0,0.040500000000000100,0.08534000000000010,0,0.4141400000000000,0.05178000000000010,0.21182000000000000,0.10162000000000000
000000000000000000a5_0,0.08564000000000010,0.12056000000000000,0,0.03864000000000010,0.08080000000000000,0.013400000000000000,0.008120000000000070
000000000000000000a6_0,0.060620000000000000,0.09094000000000010,0,0.36122000000000000,0.07832000000000010,0.23126000000000000,0.13742000000000000
000000000000000000a7_0,0.056040000000000000,0.10276000000000000,0,0.2600400000000000,0.07944000000000010,0.18092000000000000,0.09096000000000000
000000000000000000a9_0,0.049280000000000000,0.08628000000000000,0,0.4452000000000000,0.05688000000000000,0.21428000000000000,0.09472000000000000
000000000000000000ab_0,0.16894000000000000,0.21104000000000000,0,0.13750000000000000,0.18472000000000000,0.12024000000000000,0.10036000000000000
000000000000000000ac_0,0.14604000000000000,0.18834000000000000,0,0.11312000000000000,0.17224000000000000,0.08914000000000010,0.07364000000000000
000000000000000000ad_0,0.04628000000000000,0.08334000000000010,0,0.4132800000000000,0.09210000000000000,0.28830000000000000,0.15492000000000000
000000000000000000ae_0,0.02908000000000010,0.08404000000000010,0,0.0,0.02180000000000000,0.005440000000000060,0.00660000000000005
000000000000000000b0_0,0.08524000000000010,0.12308000000000000,0,0.45594000000000000,0.10548000000000000,0.2902600000000000,0.14084000000000000
000000000000000000b3_0,0.04644000000000000,0.09556000000000000,0,0.48420000000000000,0.06824000000000000,0.27920000000000000,0.12612000000000000
000000000000000000b4_0,0.07296000000000000,0.10432000000000000,0,0.09132000000000010,0.09836000000000010,0.046560000000000000,0.03652000000000010
000000000000000000b5_0,0.09356000000000000,0.13232000000000000,0,0.18372000000000000,0.14044000000000000,0.13952000000000000,0.09580000000000010
000000000000000000b6_0,0.07528000000000010,0.10548000000000000,0,0.03400000000000000,0.060360000000000000,0.017640000000000000,0.01164000000000000
000000000000000000b8_0,0.05588000000000000,0.09500000000000000,0,0.38296,0.06980000000000000,0.20520000000000000,0.10484000000000000
000000000000000000b9_0,0.18452000000000000,0.2708000000000000,0,0.47156000000000000,0.37888000000000000,0.66144,0.5460800000000000
000000000000000000ba_0,0.09612000000000000,0.13752000000000000,0,0.29596000000000000,0.14004000000000000,0.2794800000000000,0.19020000000000000
000000000000000000bd_0,0.04512000000000010,0.09770000000000010,0,0.021320000000000000,0.05714000000000010,0.02762000000000010,0.025420000000000100
000000000000000000c0_0,0.10022000000000000,0.13390000000000000,0,0.3350200000000000,0.13360000000000000,0.2971200000000000,0.20434000000000000
000000000000000000c1_0,0.06672000000000010,0.09708000000000010,0,0.3507600000000000,0.07480000000000000,0.23252000000000000,0.11252000000000000
000000000000000000c2_0,0.11268000000000000,0.16236000000000000,0,0.2567200000000000,0.18096000000000000,0.2384000000000000,0.19324000000000000
000000000000000000c6_0,0.12948000000000000,0.16232000000000000,0,0.28120000000000000,0.17764000000000000,0.33756,0.28820000000000000
000000000000000000ca_0,0.06304000000000000,0.09656000000000000,0,0.35612000000000000,0.09112000000000000,0.2503600000000000,0.15856000000000000
000000000000000000cd_0,0.12084000000000000,0.14580000000000000,0,0.20752000000000000,0.13132000000000000,0.17372000000000000,0.12468000000000000
000000000000000000cf_0,0.13084000000000000,0.16484000000000000,0,0.3118800000000000,0.17060000000000000,0.2658000000000000,0.19388000000000000
000000000000000000d0_0,0.051000000000000000,0.12118000000000000,0,0.0,0.08166000000000010,0.010140000000000000,0.011800000000000000
000000000000000000d2_0,0.18100000000000000,0.21112000000000000,0,0.31196000000000000,0.23308,0.3669200000000000,0.31292000000000000
000000000000000000d5_0,0.042240000000000100,0.07352000000000000,0,0.2744800000000000,0.054320000000000000,0.15500000000000000,0.07604000000000010
000000000000000000d7_0,0.06488000000000010,0.09652000000000010,0,0.3470800000000000,0.08412000000000000,0.23752,0.12992000000000000
000000000000000000d8_0,0.09960000000000010,0.13948000000000000,0,0.08372000000000010,0.12572000000000000,0.046800000000000100,0.03856000000000000
000000000000000000da_0,0.06676000000000000,0.10880000000000000,0,0.22988000000000000,0.09260000000000010,0.12036000000000000,0.05684000000000010
000000000000000000db_0,0.04360000000000000,0.09804000000000010,0,0.5606,0.06940000000000010,0.29884000000000000,0.13776000000000000
000000000000000000dc_0,0.04572000000000000,0.09168000000000000,0,0.45480000000000000,0.05904000000000000,0.24196,0.09976000000000010
000000000000000000de_0,0.034440000000000000,0.08676000000000010,0,0.0,0.02044000000000010,0.00720000000000004,0.007880000000000050
000000000000000000e0_0,0.09040000000000000,0.13116000000000000,0,0.06408000000000000,0.11452000000000000,0.01928000000000000,0.010600000000000100
000000000000000000e2_0,0.05748000000000000,0.08860000000000010,0,0.3536400000000000,0.06760000000000010,0.18300000000000000,0.09520000000000010
000000000000000000e3_0,0.08204000000000010,0.11304000000000000,0,0.04868000000000010,0.07816000000000010,0.017880000000000100,0.010120000000000000
000000000000000000e5_0,0.18976000000000000,0.18800000000000000,0,0.34504000000000000,0.17960000000000000,0.3802800000000000,0.31848000000000000
000000000000000000e6_0,0.044220000000000100,0.07978000000000010,0,0.3436200000000000,0.07100000000000000,0.26142000000000000,0.13978000000000000
000000000000000000eb_0,0.08664000000000010,0.11160000000000000,0,0.20604000000000000,0.10536000000000000,0.15736000000000000,0.11724000000000000
000000000000000000ec_0,0.15372000000000000,0.22964,0,0.4084800000000000,0.33036000000000000,0.57532,0.3718400000000000
000000000000000000ee_0,0.08044000000000000,0.10976000000000000,0,0.3458800000000000,0.11556000000000000,0.29966000000000000,0.17660000000000000
000000000000000000f2_0,0.046800000000000100,0.08196000000000000,0,0.4736400000000000,0.059400000000000100,0.22316000000000000,0.09452000000000010
000000000000000000f3_0,0.05296000000000010,0.07772000000000010,0,0.37976000000000000,0.05020000000000000,0.20764000000000000,0.09220000000000010
000000000000000000f5_0,0.09376000000000000,0.12234000000000000,0,0.4071600000000000,0.10876000000000000,0.33766000000000000,0.19688000000000000
000000000000000000f7_0,0.052600000000000000,0.08968000000000000,0,0.4927200000000000,0.057640000000000000,0.24624000000000000,0.10968000000000000
000000000000000000f9_0,0.04920000000000000,0.08148000000000010,0,0.025480000000000100,0.04180000000000010,0.011840000000000000,0.00832000000000005
000000000000000000fb_0,0.07052000000000000,0.11504000000000000,0,0.15336000000000000,0.10348000000000000,0.09392000000000010,0.06456000000000010
000000000000000000fc_0,0.06454000000000010,0.09396000000000010,0,0.37506000000000000,0.08944000000000010,0.27546000000000000,0.15036000000000000
000000000000000000ff_0,0.08412000000000000,0.12268000000000000,0,0.38420000000000000,0.10732000000000000,0.29104,0.16132000000000000
00000000000000000103_0,0.07868000000000000,0.08776000000000010,0,0.17736000000000000,0.08492000000000010,0.17764000000000000,0.11580000000000000
00000000000000000107_0,0.06244000000000010,0.13464000000000000,0,0.0,0.07692000000000000,0.007960000000000020,0.007360000000000030
00000000000000000108_0,0.13288000000000000,0.17032000000000000,0,0.40252000000000000,0.18752000000000000,0.34224000000000000,0.23532000000000000
0000000000000000010a_0,0.12668000000000000,0.15028000000000000,0,0.3328400000000000,0.17284000000000000,0.46992000000000000,0.31668
0000000000000000010b_0,0.06944000000000010,0.10516000000000000,0,0.12360000000000000,0.07384000000000010,0.08144000000000010,0.057640000000000000
0000000000000000010d_0,0.09560000000000010,0.12444000000000000,0,0.36180000000000000,0.12200000000000000,0.27088000000000000,0.17224000000000000
0000000000000000010e_0,0.07288000000000010,0.12710000000000000,0,0.16412000000000000,0.12690000000000000,0.04512000000000000,0.025440000000000000
0000000000000000010f_0,0.03262000000000000,0.08592000000000010,0,0.0,0.043440000000000000,0.003920000000000040,0.005620000000000040
00000000000000000111_0,0.08388000000000010,0.11412000000000000,0,0.10296000000000000,0.09364000000000010,0.05248000000000000,0.041240000000000100
00000000000000000114_0,0.17366000000000000,0.23080000000000000,0,0.30384000000000000,0.25432000000000000,0.31090000000000000,0.26930000000000000
00000000000000000115_0,0.12388000000000000,0.14468000000000000,0,0.3103200000000000,0.16324000000000000,0.4133600000000000,0.27308000000000000
00000000000000000116_0,0.04600000000000000,0.10100000000000000,0,0.03496000000000010,0.08056000000000010,0.016400000000000100,0.013280000000000000
00000000000000000117_0,0.04416000000000000,0.07628000000000010,0,0.4391200000000000,0.06176000000000000,0.20468000000000000,0.08848000000000010
00000000000000000119_0,0.07554000000000010,0.10706000000000000,0,0.07220000000000010,0.08870000000000010,0.038240000000000000,0.028040000000000000
0000000000000000011b_0,0.10880000000000000,0.15532000000000000,0,0.2274000000000000,0.16668000000000000,0.19652000000000000,0.12204000000000000
0000000000000000011c_0,0.06800000000000010,0.09880000000000010,0,0.38076000000000000,0.09480000000000010,0.24112000000000000,0.12180000000000000
0000000000000000011e_0,0.06484000000000010,0.10324000000000000,0,0.38208000000000000,0.09448000000000010,0.26328,0.14368000000000000
00000000000000000120_0,0.17248000000000000,0.22744000000000000,0,0.3576000000000000,0.26100000000000000,0.48168000000000000,0.38932000000000000
00000000000000000122_0,0.11748000000000000,0.16224000000000000,0,0.08860000000000010,0.15896000000000000,0.050640000000000100,0.04140000000000010
00000000000000000123_0,0.07862000000000010,0.10936000000000000,0,0.2746800000000000,0.10220000000000000,0.18982000000000000,0.11416000000000000
00000000000000000125_0,0.06600000000000000,0.12190000000000000,0,0.24524000000000000,0.11954000000000000,0.18442000000000000,0.10514000000000000
00000000000000000126_0,0.061620000000000100,0.10008000000000000,0,0.3515600000000000,0.09536000000000000,0.25328000000000000,0.15028000000000000
00000000000000000127_0,0.07284000000000000,0.11674000000000000,0,0.3805200000000000,0.12650000000000000,0.33448000000000000,0.19808000000000000
00000000000000000129_0,0.06926000000000000,0.12620000000000000,0,0.04444000000000010,0.07878000000000000,0.037140000000000000,0.03070000000000010
0000000000000000012a_0,0.13336000000000000,0.16908000000000000,0,0.23956000000000000,0.18024000000000000,0.22608000000000000,0.18612000000000000
0000000000000000012b_0,0.08092000000000010,0.11244000000000000,0,0.34558000000000000,0.11376000000000000,0.29848,0.18880000000000000
0000000000000000012c_0,0.14984000000000000,0.19216000000000000,0,0.33416000000000000,0.2195200000000000,0.37108,0.3056800000000000
0000000000000000012e_0,0.04204000000000010,0.07672000000000000,0,0.39860000000000000,0.04960000000000000,0.19096000000000000,0.08734000000000010
00000000000000000130_0,0.14796000000000000,0.17676000000000000,0,0.40916,0.17176000000000000,0.3842400000000000,0.29120000000000000
00000000000000000131_0,0.10812000000000000,0.16646000000000000,0,0.39126000000000000,0.18118000000000000,0.4028000000000000,0.3014800000000000
00000000000000000132_0,0.09204000000000010,0.12804000000000000,0,0.32936000000000000,0.11122000000000000,0.28504000000000000,0.18820000000000000
00000000000000000133_0,0.09808000000000010,0.13116000000000000,0,0.3476000000000000,0.11796000000000000,0.2361600000000000,0.15496000000000000
00000000000000000134_0,0.07364000000000000,0.10338000000000000,0,0.22868000000000000,0.08674000000000010,0.18928000000000000,0.11528000000000000
00000000000000000135_0,0.06134000000000000,0.08888000000000010,0,0.31270000000000000,0.07626000000000010,0.2391000000000000,0.13170000000000000
00000000000000000136_0,0.07536000000000000,0.12116000000000000,0,0.13436000000000000,0.11424000000000000,0.10928000000000000,0.10052000000000000
00000000000000000137_0,0.07540000000000000,0.12720000000000000,0,0.04856000000000010,0.10636000000000000,0.01476000000000010,0.009840000000000070
00000000000000000139_0,0.17156000000000000,0.21132,0,0.2519200000000000,0.2304000000000000,0.2526000000000000,0.21124000000000000
0000000000000000013a_0,0.18320000000000000,0.2319600000000000,0,0.4091200000000000,0.24276000000000000,0.4009200000000000,0.30660000000000000
0000000000000000013d_0,0.14036000000000000,0.18052000000000000,0,0.29936,0.20196000000000000,0.3061200000000000,0.26916
0000000000000000013e_0,0.11168000000000000,0.15648000000000000,0,0.28196000000000000,0.17284000000000000,0.27408000000000000,0.21680000000000000
0000000000000000013f_0,0.08212000000000000,0.12544000000000000,0,0.3896800000000000,0.13132000000000000,0.35068000000000000,0.21332
00000000000000000141_0,0.05642000000000010,0.09502000000000010,0,0.03428000000000000,0.06612000000000010,0.029640000000000100,0.02464000000000010
00000000000000000142_0,0.10048000000000000,0.15382000000000000,0,0.07674000000000010,0.11612000000000000,0.012340000000000000,0.009040000000000050
00000000000000000144_0,0.07006000000000000,0.13074000000000000,0,0.13736000000000000,0.12022000000000000,0.09686000000000010,0.06320000000000010
00000000000000000145_0,0.19868000000000000,0.25432000000000000,0,0.3944800000000000,0.2863200000000000,0.37012000000000000,0.3025600000000000
00000000000000000146_0,0.11910000000000000,0.13946000000000000,0,0.31000000000000000,0.13564000000000000,0.2851600000000000,0.18300000000000000
00000000000000000148_0,0.044320000000000000,0.08706000000000010,0,0.44598000000000000,0.05272000000000010,0.22498000000000000,0.10400000000000000
00000000000000000149_0,0.10652000000000000,0.12392000000000000,0,0.13848000000000000,0.11536000000000000,0.09716000000000000,0.06916000000000010
0000000000000000014b_0,0.10444000000000000,0.13020000000000000,0,0.29940000000000000,0.13100000000000000,0.19524000000000000,0.13368000000000000
0000000000000000014d_0,0.036900000000000000,0.09454000000000000,0,0.017140000000000000,0.05238000000000000,0.02564000000000010,0.02436000000000010
0000000000000000014e_0,0.046060000000000000,0.08750000000000010,0,0.01538000000000010,0.05192000000000010,0.019380000000000000,0.016280000000000000
00000000000000000152_0,0.050400000000000100,0.11916000000000000,0,0.01216000000000010,0.09260000000000010,0.007240000000000020,0.007600000000000050
00000000000000000153_0,0.051480000000000100,0.07888000000000010,0,0.27902000000000000,0.07076000000000010,0.21676000000000000,0.12200000000000000
00000000000000000154_0,0.11300000000000000,0.14132000000000000,0,0.21156000000000000,0.14948000000000000,0.23348000000000000,0.21448000000000000
00000000000000000156_0,0.06098000000000010,0.09352000000000010,0,0.3238000000000000,0.08318000000000010,0.2353400000000000,0.13314000000000000
00000000000000000157_0,0.03584000000000000,0.09020000000000010,0,0.0,0.029840000000000000,0.013800000000000000,0.012840000000000000
00000000000000000159_0,0.02572000000000000,0.09276000000000010,0,0.006240000000000020,0.05304000000000000,0.007320000000000050,0.008160000000000060
0000000000000000015b_0,0.14800000000000000,0.18164000000000000,0,0.2535200000000000,0.19520000000000000,0.2811200000000000,0.25776000000000000
0000000000000000015c_0,0.059160000000000000,0.09348000000000010,0,0.32328000000000000,0.10076000000000000,0.26264000000000000,0.16848000000000000
0000000000000000015f_0,0.11908000000000000,0.14488000000000000,0,0.09764000000000010,0.13120000000000000,0.055960000000000100,0.038520000000000100
00000000000000000160_0,0.021840000000000000,0.059760000000000000,0,0.07076000000000010,0.042720000000000000,0.04044000000000000,0.030400000000000000
00000000000000000163_0,0.10012000000000000,0.14092000000000000,0,0.43248000000000000,0.13140000000000000,0.3386400000000000,0.22604000000000000
00000000000000000167_0,0.056060000000000100,0.09194000000000010,0,0.3594200000000000,0.08732000000000010,0.28700000000000000,0.15602000000000000
0000000000000000016a_0,0.26396000000000000,0.41916000000000000,0,0.60728,0.5172400000000000,0.64436,0.4420000000000000
0000000000000000016c_0,0.12900000000000000,0.14824000000000000,0,0.2139600000000000,0.14836000000000000,0.22768000000000000,0.2155200000000000
0000000000000000016f_0,0.03948000000000010,0.06800000000000010,0,0.4558400000000000,0.03624000000000010,0.18764000000000000,0.06592000000000000
00000000000000000173_0,0.13464000000000000,0.18992000000000000,0,0.36868000000000000,0.21944000000000000,0.42972000000000000,0.27020000000000000
00000000000000000174_0,0.03624000000000010,0.08120000000000010,0,0.05452000000000010,0.04956000000000010,0.08024000000000000,0.06368000000000010
00000000000000000175_0,0.025400000000000000,0.05084000000000010,0,0.024080000000000000,0.04200000000000000,0.01868000000000000,0.014920000000000000
00000000000000000176_0,0.05888000000000000,0.08780000000000000,0,0.041600000000000000,0.054320000000000000,0.043960000000000100,0.03916000000000000
00000000000000000177_0,0.10996000000000000,0.13912000000000000,0,0.32680000000000000,0.14448000000000000,0.4041200000000000,0.2860200000000000
00000000000000000179_0,0.06612000000000010,0.12024000000000000,0,0.03552000000000010,0.09516000000000010,0.016120000000000000,0.011200000000000000
0000000000000000017b_0,0.07260000000000010,0.10316000000000000,0,0.3274400000000000,0.11468000000000000,0.3245200000000000,0.2169600000000000
0000000000000000017c_0,0.12628000000000000,0.16552000000000000,0,0.3874800000000000,0.21188,0.5444800000000000,0.38288000000000000
0000000000000000017d_0,0.07660000000000010,0.11828000000000000,0,0.03068000000000000,0.07592000000000000,0.012080000000000000,0.007600000000000050
00000000000000000180_0,0.10920000000000000,0.15708000000000000,0,0.06572000000000010,0.14552000000000000,0.039640000000000100,0.02944000000000000
00000000000000000182_0,0.10328000000000000,0.13904000000000000,0,0.44672000000000000,0.11836000000000000,0.32024,0.17040000000000000
00000000000000000184_0,0.04528000000000000,0.09260000000000010,0,0.24188000000000000,0.09256000000000000,0.17856000000000000,0.10768000000000000
00000000000000000185_0,0.07224000000000000,0.10148000000000000,0,0.3224400000000000,0.11124000000000000,0.2732400000000000,0.17588000000000000
00000000000000000188_0,0.04280000000000010,0.10952000000000000,0,0.0,0.05572000000000010,0.007960000000000020,0.010240000000000000
00000000000000000189_0,0.07610000000000010,0.09916000000000010,0,0.3984600000000000,0.09012000000000010,0.19274000000000000,0.10954000000000000
0000000000000000018a_0,0.10808000000000000,0.14140000000000000,0,0.06496000000000010,0.11564000000000000,0.01908000000000000,0.009720000000000060
0000000000000000018b_0,0.18696000000000000,0.27284,0,0.4040000000000000,0.30896000000000000,0.51732,0.5246000000000000
0000000000000000018c_0,0.14376000000000000,0.16828000000000000,0,0.3121200000000000,0.17816000000000000,0.32072000000000000,0.2627200000000000
0000000000000000018d_0,0.04046000000000010,0.10542000000000000,0,0.0037000000000000400,0.044440000000000000,0.013600000000000000,0.012980000000000000
00000000000000000190_0,0.041640000000000100,0.07536000000000000,0,0.03480000000000010,0.03860000000000000,0.03676000000000010,0.034200000000000100
00000000000000000191_0,0.13664000000000000,0.17972000000000000,0,0.11424000000000000,0.16524000000000000,0.08976000000000010,0.07436000000000000
00000000000000000194_0,0.07668000000000000,0.11080000000000000,0,0.050600000000000000,0.07780000000000000,0.04844000000000000,0.04652000000000010
00000000000000000195_0,0.08192000000000010,0.12348000000000000,0,0.3001200000000000,0.12972000000000000,0.2759200000000000,0.16272000000000000
00000000000000000196_0,0.04752000000000010,0.08464000000000010,0,0.48256000000000000,0.06444000000000010,0.21024000000000000,0.09152000000000010
00000000000000000198_0,0.08358000000000000,0.12738000000000000,0,0.32846000000000000,0.15454000000000000,0.35396000000000000,0.26294000000000000
00000000000000000199_0,0.07192000000000000,0.11928000000000000,0,0.16204000000000000,0.10720000000000000,0.10012000000000000,0.06692000000000000
0000000000000000019b_0,0.07888000000000010,0.11372000000000000,0,0.2514,0.09884000000000000,0.19144000000000000,0.11528000000000000
0000000000000000019d_0,0.04676000000000010,0.08460000000000010,0,0.25956000000000000,0.08396000000000010,0.19106000000000000,0.10794000000000000
0000000000000000019e_0,0.14780000000000000,0.18776000000000000,0,0.3238400000000000,0.20564000000000000,0.3565200000000000,0.3178800000000000
000000000000000001a3_0,0.06252000000000010,0.08956000000000000,0,0.43228000000000000,0.06096000000000010,0.2279600000000000,0.09960000000000010
000000000000000001a6_0,0.040620000000000000,0.07882000000000010,0,0.18558000000000000,0.055100000000000100,0.12022000000000000,0.06758000000000010
000000000000000001a9_0,0.06330000000000010,0.08858000000000010,0,0.36014000000000000,0.07962000000000010,0.21346000000000000,0.11804000000000000
000000000000000001aa_0,0.026120000000000000,0.05844000000000010,0,0.2901200000000000,0.038400000000000000,0.13436000000000000,0.05712000000000010
000000000000000001b0_0,0.13156000000000000,0.16096000000000000,0,0.08712000000000000,0.14536000000000000,0.04724000000000010,0.03976000000000010
000000000000000001b1_0,0.051000000000000000,0.08302000000000000,0,0.22542000000000000,0.08148000000000000,0.17770000000000000,0.09348000000000000
000000000000000001b4_0,0.13056000000000000,0.15148000000000000,0,0.2795600000000000,0.16592000000000000,0.3798400000000000,0.26908000000000000
000000000000000001b5_0,0.05412000000000010,0.12104000000000000,0,0.033360000000000100,0.09116000000000010,0.02648000000000010,0.019240000000000000
000000000000000001b8_0,0.06688000000000010,0.09992000000000010,0,0.4093200000000000,0.10208000000000000,0.2581600000000000,0.14416000000000000
000000000000000001ba_0,0.08310000000000010,0.12138000000000000,0,0.3027000000000000,0.12036000000000000,0.26096,0.17546000000000000
000000000000000001bb_0,0.12600000000000000,0.17416000000000000,0,0.09636000000000010,0.14856000000000000,0.08460000000000010,0.07216000000000010
000000000000000001bc_0,0.14708000000000000,0.18520000000000000,0,0.31416000000000000,0.21204000000000000,0.31792000000000000,0.27664000000000000
000000000000000001bd_0,0.10784000000000000,0.18980000000000000,0,0.53112,0.20100000000000000,0.43940000000000000,0.31428000000000000
0000000000000000007c_0,0.041840000000000000,0.06788000000000010,0,0.3528400000000000,0.055440000000000000,0.16976000000000000,0.07816000000000010
0000000000000000011f_0,0.05836000000000000,0.09172000000000000,0,0.06648000000000000,0.07556000000000010,0.031360000000000100,0.023080000000000000
00000000000000000161_0,0.04764000000000010,0.07656000000000010,0,0.30004000000000000,0.059640000000000000,0.18508000000000000,0.09672000000000000
000000000000000000bc_0,0.06758000000000010,0.08334000000000010,0,0.2871600000000000,0.06394000000000010,0.14768000000000000,0.07434000000000000
00000000000000000068_0,0.06498000000000010,0.09118000000000000,0,0.36294000000000000,0.07224000000000010,0.23386,0.11576000000000000
0000000000000000014c_0,0.04612000000000010,0.09612000000000000,0,0.4671600000000000,0.05920000000000000,0.2275200000000000,0.10332000000000000
000000000000000000be_0,0.07236000000000000,0.09700000000000000,0,0.3504000000000000,0.07032000000000010,0.16332000000000000,0.08212000000000000
00000000000000000151_0,0.08976000000000010,0.10780000000000000,0,0.04196000000000010,0.07012000000000010,0.015920000000000000,0.009600000000000050
00000000000000000121_0,0.03658000000000000,0.07260000000000010,0,0.3538400000000000,0.05206000000000010,0.21442000000000000,0.10236000000000000
0000000000000000011d_0,0.03388000000000000,0.08188000000000010,0,0.03080000000000010,0.05520000000000000,0.01316000000000010,0.009360000000000040
000000000000000001b6_0,0.051520000000000100,0.07420000000000000,0,0.33824000000000000,0.05236000000000010,0.13808000000000000,0.05460000000000000
0000000000000000000b_0,0.062380000000000000,0.09226000000000000,0,0.39616000000000000,0.08124000000000000,0.2634000000000000,0.13426000000000000
00000000000000000110_0,0.06306000000000010,0.10762000000000000,0,0.4702200000000000,0.08004000000000010,0.2772800000000000,0.13328000000000000
0000000000000000006d_0,0.07236000000000000,0.10832000000000000,0,0.07092000000000000,0.09192000000000010,0.058760000000000000,0.04724000000000010
0000000000000000014a_0,0.07792000000000000,0.11576000000000000,0,0.43828000000000000,0.09224000000000000,0.2471600000000000,0.13152000000000000
00000000000000000113_0,0.06868000000000010,0.11144000000000000,0,0.23724000000000000,0.09552000000000010,0.18316000000000000,0.13220000000000000
00000000000000000118_0,0.05096000000000010,0.09452000000000010,0,0.24500000000000000,0.07136000000000000,0.12292000000000000,0.059760000000000000
0000000000000000015a_0,0.08564000000000010,0.11164000000000000,0,0.3853600000000000,0.09532000000000010,0.25400000000000000,0.13328000000000000
000000000000000000cb_0,0.10792000000000000,0.16712000000000000,0,0.11096000000000000,0.15416000000000000,0.08288000000000010,0.06912000000000010
000000000000000000fa_0,0.054200000000000000,0.10180000000000000,0,0.04500000000000000,0.07116000000000010,0.016760000000000100,0.012360000000000000
0000000000000000009d_0,0.07292000000000000,0.11456000000000000,0,0.3183200000000000,0.08656000000000000,0.20268000000000000,0.11508000000000000
0000000000000000018f_0,0.07802000000000000,0.11432000000000000,0,0.14676000000000000,0.09054000000000000,0.10132000000000000,0.055560000000000100
000000000000000000c4_0,0.04006000000000010,0.10166000000000000,0,0.0,0.06446000000000010,0.005600000000000050,0.007120000000000040
000000000000000001a0_0,0.09184000000000000,0.13028000000000000,0,0.04372000000000000,0.09420000000000010,0.018520000000000000,0.011400000000000000
0000000000000000007d_0,0.026640000000000100,0.07064000000000000,0,0.04056000000000000,0.04116000000000000,0.015600000000000100,0.00932000000000005
000000000000000001af_0,0.05992000000000010,0.09114000000000000,0,0.04646000000000010,0.06350000000000010,0.029400000000000100,0.023580000000000000
00000000000000000000_0,0.06242000000000010,0.08910000000000010,0,0.4123200000000000,0.06760000000000010,0.23264000000000000,0.10540000000000000
00000000000000000079_0,0.11800000000000000,0.18808000000000000,0,0.3782400000000000,0.2397200000000000,0.3826800000000000,0.2550400000000000
000000000000000000c3_0,0.05464000000000010,0.09826000000000000,0,0.3959200000000000,0.08584000000000000,0.2582400000000000,0.14722000000000000
0000000000000000014f_0,0.06724000000000010,0.10948000000000000,0,0.4985200000000000,0.11520000000000000,0.3292000000000000,0.18654000000000000
000000000000000001a8_0,0.06994000000000010,0.12508000000000000,0,0.04590000000000010,0.08678000000000010,0.03386000000000000,0.025820000000000000
000000000000000000a0_0,0.11668000000000000,0.14364000000000000,0,0.2906800000000000,0.16040000000000000,0.3636000000000000,0.24520000000000000
00000000000000000166_0,0.06956000000000000,0.12676000000000000,0,0.06092000000000010,0.07954000000000010,0.06328000000000010,0.050640000000000000
00000000000000000065_0,0.10504000000000000,0.14424000000000000,0,0.3070000000000000,0.14916000000000000,0.29948,0.22764
0000000000000000012f_0,0.06588000000000010,0.09596000000000010,0,0.3902800000000000,0.06960000000000010,0.23744000000000000,0.12560000000000000
00000000000000000061_0,0.08502000000000010,0.12324000000000000,0,0.35380000000000000,0.14142000000000000,0.33344000000000000,0.22556000000000000
00000000000000000171_0,0.07056000000000010,0.10980000000000000,0,0.39100000000000000,0.09864000000000010,0.2641200000000000,0.13312000000000000
0000000000000000009f_0,0.09336000000000010,0.12472000000000000,0,0.20888000000000000,0.10648000000000000,0.10788000000000000,0.05796000000000010
00000000000000000138_0,0.08986000000000010,0.13586000000000000,0,0.4373200000000000,0.12078000000000000,0.3182400000000000,0.18968000000000000
000000000000000000a8_0,0.07190000000000010,0.10064000000000000,0,0.20042000000000000,0.09374000000000010,0.17016000000000000,0.09958000000000010
000000000000000000f0_0,0.10624000000000000,0.14328000000000000,0,0.19920000000000000,0.13592000000000000,0.14556000000000000,0.08840000000000000
0000000000000000006c_0,0.10572000000000000,0.14372000000000000,0,0.3729600000000000,0.15320000000000000,0.35876,0.24936000000000000
0000000000000000000f_0,0.039880000000000100,0.08286000000000010,0,0.009620000000000050,0.03600000000000000,0.011300000000000000,0.010380000000000100
000000000000000000e8_0,0.09632000000000010,0.13288000000000000,0,0.30696000000000000,0.12060000000000000,0.27088000000000000,0.19152000000000000
000000000000000001a5_0,0.11284000000000000,0.14008000000000000,0,0.08092000000000010,0.10996000000000000,0.044080000000000100,0.03092000000000010
00000000000000000076_0,0.049480000000000000,0.11568000000000000,0,0.03612000000000000,0.09064000000000010,0.01376000000000010,0.010040000000000000
00000000000000000006_0,0.04130000000000010,0.08132000000000010,0,0.021740000000000000,0.029120000000000100,0.02178000000000010,0.01904000000000000
00000000000000000094_0,0.06580000000000000,0.09868000000000010,0,0.43492000000000000,0.09276000000000010,0.3652,0.18196000000000000
00000000000000000186_0,0.10320000000000000,0.14438000000000000,0,0.29972000000000000,0.14646000000000000,0.26150000000000000,0.17350000000000000
000000000000000000bb_0,0.09316000000000010,0.09072000000000010,0,0.12464000000000000,0.09200000000000000,0.17392000000000000,0.15876000000000000
000000000000000000c9_0,0.15084000000000000,0.18336000000000000,0,0.05548000000000000,0.13788000000000000,0.02092000000000010,0.01316000000000010
0000000000000000011a_0,0.12512000000000000,0.18008000000000000,0,0.09884000000000000,0.16676000000000000,0.08180000000000000,0.06968000000000010
00000000000000000105_0,0.10356000000000000,0.13384000000000000,0,0.26084,0.13692000000000000,0.28596000000000000,0.2331600000000000
000000000000000000af_0,0.10860000000000000,0.16360000000000000,0,0.10084000000000000,0.14492000000000000,0.05392000000000000,0.03452000000000010
000000000000000000c8_0,0.09140000000000000,0.14704000000000000,0,0.06740000000000010,0.15304000000000000,0.011440000000000100,0.00720000000000004
000000000000000001b7_0,0.08224000000000000,0.12904000000000000,0,0.11464000000000000,0.12020000000000000,0.10288000000000000,0.07632000000000010
000000000000000000bf_0,0.06964000000000000,0.10880000000000000,0,0.35592000000000000,0.09064000000000010,0.23876000000000000,0.13792000000000000
00000000000000000172_0,0.04016000000000000,0.09420000000000010,0,0.04380000000000010,0.055840000000000100,0.05636000000000000,0.047680000000000100
00000000000000000164_0,0.10324000000000000,0.15400000000000000,0,0.04748000000000000,0.13768000000000000,0.013640000000000000,0.008240000000000030
0000000000000000017f_0,0.04624000000000010,0.10368000000000000,0,0.2721200000000000,0.08856000000000000,0.14112000000000000,0.08740000000000000
000000000000000000df_0,0.11420000000000000,0.17392000000000000,0,0.39020000000000000,0.19868000000000000,0.37400000000000000,0.30636
00000000000000000178_0,0.031480000000000100,0.09196000000000000,0,0.016720000000000100,0.07696000000000000,0.009680000000000020,0.008480000000000040
000000000000000001a1_0,0.09722000000000010,0.12866000000000000,0,0.3386800000000000,0.14166000000000000,0.4365400000000000,0.29362000000000000
000000000000000001ad_0,0.04460000000000000,0.10848000000000000,0,0.41252000000000000,0.07908000000000000,0.2654,0.12728000000000000
000000000000000000c5_0,0.031760000000000100,0.07812000000000000,0,0.020520000000000000,0.03536000000000010,0.04520000000000010,0.03436000000000010
000000000000000000d6_0,0.047040000000000000,0.08356000000000000,0,0.04632000000000000,0.05504000000000000,0.04812000000000010,0.03924000000000010
0000000000000000006f_0,0.09328000000000000,0.13316000000000000,0,0.40510000000000000,0.13668000000000000,0.37388000000000000,0.23368000000000000
0000000000000000003b_0,0.05274000000000000,0.10216000000000000,0,0.15030000000000000,0.10908000000000000,0.11166000000000000,0.07270000000000000
000000000000000000f1_0,0.10128000000000000,0.14464000000000000,0,0.27572,0.13824000000000000,0.24640000000000000,0.16568000000000000
00000000000000000162_0,0.026800000000000000,0.09176000000000010,0,0.003320000000000050,0.04748000000000000,0.0049200000000000400,0.005680000000000020
0000000000000000019f_0,0.12724000000000000,0.17344000000000000,0,0.3568400000000000,0.18724000000000000,0.3564000000000000,0.2776
00000000000000000165_0,0.11116000000000000,0.14314000000000000,0,0.08924000000000000,0.11788000000000000,0.04982000000000000,0.032960000000000000
00000000000000000181_0,0.030120000000000000,0.10364000000000000,0,0.006440000000000060,0.06688000000000010,0.006160000000000050,0.007160000000000060
000000000000000001a7_0,0.057060000000000100,0.10640000000000000,0,0.02192000000000010,0.07814000000000000,0.014140000000000000,0.011560000000000000
0000000000000000007f_0,0.040600000000000000,0.09980000000000010,0,0.02980000000000010,0.052000000000000000,0.04388000000000000,0.04208000000000010
00000000000000000197_0,0.09584000000000000,0.14080000000000000,0,0.08500000000000010,0.13084000000000000,0.030960000000000000,0.01832000000000010
0000000000000000015d_0,0.03872000000000010,0.06044000000000010,0,0.04566000000000010,0.041580000000000000,0.02180000000000000,0.01572000000000000
00000000000000000002_0,0.2174000000000000,0.3357200000000000,0,0.44092000000000000,0.3572800000000000,0.3788400000000000,0.36656000000000000
0000000000000000004f_0,0.08824000000000010,0.12666000000000000,0,0.21212000000000000,0.14730000000000000,0.21338000000000000,0.18046000000000000
0000000000000000009c_0,0.11128000000000000,0.14936000000000000,0,0.28834000000000000,0.17040000000000000,0.2866600000000000,0.24536000000000000
000000000000000000a3_0,0.07436000000000000,0.11068000000000000,0,0.3640800000000000,0.09572000000000000,0.20352000000000000,0.11772000000000000
00000000000000000100_0,0.01940000000000000,0.07112000000000010,0,0.005720000000000060,0.032840000000000000,0.017640000000000000,0.01872000000000010
0000000000000000019a_0,0.027160000000000100,0.07280000000000000,0,0.0031600000000000500,0.020960000000000000,0.007560000000000070,0.00772000000000006
00000000000000000158_0,0.15068000000000000,0.17060000000000000,0,0.30836,0.19016000000000000,0.3258400000000000,0.2580400000000000
00000000000000000187_0,0.10324000000000000,0.15390000000000000,0,0.31422000000000000,0.16928000000000000,0.2844400000000000,0.22482000000000000
00000000000000000010_0,0.10052000000000000,0.14380000000000000,0,0.04360000000000000,0.10004000000000000,0.01828000000000000,0.012360000000000000
000000000000000000c7_0,0.04956000000000010,0.09384000000000000,0,0.015000000000000100,0.05448000000000000,0.011440000000000100,0.009360000000000040
00000000000000000104_0,0.06232000000000010,0.08816000000000000,0,0.04610000000000010,0.06762000000000010,0.033620000000000100,0.027140000000000100
0000000000000000018e_0,0.06868000000000010,0.08588000000000010,0,0.06992000000000000,0.06628000000000010,0.07596000000000000,0.06728000000000010
00000000000000000077_0,0.12736000000000000,0.17304000000000000,0,0.23532000000000000,0.18176000000000000,0.15056000000000000,0.12132000000000000
0000000000000000007b_0,0.042380000000000100,0.09960000000000010,0,0.040480000000000000,0.08934000000000010,0.01996000000000010,0.015040000000000100
000000000000000001ab_0,0.16640000000000000,0.19460000000000000,0,0.2466000000000000,0.2086800000000000,0.28864000000000000,0.2450400000000000
00000000000000000016_0,0.11970000000000000,0.15332000000000000,0,0.3451600000000000,0.16230000000000000,0.2939800000000000,0.19532000000000000
00000000000000000023_0,0.07280000000000000,0.10688000000000000,1,0.2521600000000000,0.08904000000000010,0.11436000000000000,0.06032000000000000
0000000000000000003d_0,0.09996000000000010,0.12464000000000000,1,0.12572000000000000,0.11220000000000000,0.07396000000000000,0.055320000000000000
000000000000000000ef_0,0.13748000000000000,0.17680000000000000,1,0.2768000000000000,0.18808000000000000,0.2984400000000000,0.21312000000000000
0000000000000000010c_0,0.021640000000000000,0.06340000000000010,1,0.45912000000000000,0.038520000000000100,0.12776000000000000,0.047880000000000000
0000000000000000016d_0,0.09636000000000010,0.15536000000000000,1,0.23288000000000000,0.16000000000000000,0.18392000000000000,0.16108000000000000
000000000000000001c0_0,0.05356000000000010,0.08692000000000010,1,0.3748400000000000,0.06612000000000010,0.10996000000000000,0.04424000000000010
000000000000000001c1_0,0.03342000000000010,0.06018000000000000,1,0.30972000000000000,0.045800000000000000,0.10998000000000000,0.04672000000000010
000000000000000001c2_0,0.11346000000000000,0.15932000000000000,1,0.13434000000000000,0.14232000000000000,0.09840000000000000,0.06474000000000010
000000000000000001c3_0,0.11256000000000000,0.16588000000000000,1,0.10668000000000000,0.15416000000000000,0.04896000000000010,0.029400000000000000
000000000000000001c6_0,0.062080000000000000,0.09596000000000010,1,0.18708000000000000,0.08796000000000000,0.10712000000000000,0.06024000000000010
000000000000000001c8_0,0.08400000000000010,0.11072000000000000,1,0.27488000000000000,0.10912000000000000,0.18600000000000000,0.11184000000000000
000000000000000001c9_0,0.06016000000000010,0.11248000000000000,1,0.14024000000000000,0.11596000000000000,0.04204000000000000,0.026280000000000000
000000000000000001cd_0,0.03312000000000000,0.07244000000000010,1,0.2543600000000000,0.04192000000000010,0.06920000000000000,0.027280000000000000
000000000000000001ce_0,0.05734000000000010,0.09032000000000000,1,0.3263000000000000,0.06842000000000000,0.12312000000000000,0.05206000000000010
000000000000000001cf_0,0.10888000000000000,0.14772000000000000,1,0.21242000000000000,0.15812000000000000,0.20198000000000000,0.12864000000000000
000000000000000001d0_0,0.05028000000000010,0.08088000000000010,1,0.24176000000000000,0.05792000000000000,0.14588000000000000,0.07336000000000000
000000000000000001d2_0,0.03872000000000000,0.07456000000000000,1,0.48092,0.05512000000000000,0.19908000000000000,0.09178000000000010
000000000000000001d3_0,0.020600000000000100,0.06528000000000010,1,0.6381600000000000,0.03388000000000000,0.17848000000000000,0.06164000000000000
000000000000000001d5_0,0.030440000000000000,0.06340000000000010,1,0.3584800000000000,0.041240000000000100,0.10788000000000000,0.04204000000000000
000000000000000001d6_0,0.08620000000000010,0.12436000000000000,1,0.30236,0.12248000000000000,0.20372000000000000,0.10852000000000000
000000000000000001d7_0,0.03352000000000010,0.07912000000000000,1,0.2980000000000000,0.051520000000000100,0.07512000000000010,0.027240000000000000
000000000000000001d9_0,0.08752000000000000,0.12244000000000000,1,0.12916000000000000,0.09648000000000010,0.07060000000000010,0.05396000000000010
000000000000000001da_0,0.041000000000000000,0.08904000000000010,1,0.4470800000000000,0.06924000000000000,0.2538000000000000,0.12272000000000000
000000000000000001db_0,0.02596000000000000,0.05488000000000000,1,0.3468400000000000,0.036080000000000100,0.08004000000000010,0.033440000000000000
000000000000000001de_0,0.03744000000000000,0.07708000000000000,1,0.42296000000000000,0.04648000000000000,0.11248000000000000,0.04148000000000010
000000000000000001e4_0,0.06416000000000010,0.10876000000000000,1,0.33578,0.09894000000000010,0.23472000000000000,0.16270000000000000
000000000000000001e5_0,0.12736000000000000,0.16064000000000000,1,0.38220000000000000,0.16852000000000000,0.36768000000000000,0.2225200000000000
000000000000000001e8_0,0.052260000000000100,0.08576000000000000,1,0.3477200000000000,0.06424000000000010,0.14098000000000000,0.06878000000000000
000000000000000001e9_0,0.10620000000000000,0.13172000000000000,1,0.16020000000000000,0.12584000000000000,0.11764000000000000,0.07824000000000000
000000000000000001ea_0,0.06264000000000000,0.09276000000000010,1,0.22576000000000000,0.07804000000000010,0.18100000000000000,0.10620000000000000
000000000000000001ec_0,0.06388000000000010,0.10012000000000000,1,0.29104,0.09824000000000010,0.19720000000000000,0.11240000000000000
000000000000000001ef_0,0.03232000000000000,0.08492000000000010,1,0.4540400000000000,0.05350000000000010,0.12488000000000000,0.045940000000000000
000000000000000001f2_0,0.02100000000000000,0.055840000000000100,1,0.4267600000000000,0.030840000000000000,0.11228000000000000,0.03848000000000010
000000000000000001f3_0,0.08530000000000000,0.13038000000000000,1,0.14370000000000000,0.11564000000000000,0.09790000000000010,0.05490000000000000
000000000000000001f4_0,0.08112000000000000,0.11704000000000000,1,0.09264000000000010,0.10520000000000000,0.08644000000000010,0.06228000000000010
000000000000000001f6_0,0.06568000000000000,0.11208000000000000,1,0.16380000000000000,0.09350000000000010,0.06298000000000010,0.027940000000000000
000000000000000001f7_0,0.049800000000000100,0.09252000000000010,1,0.041760000000000100,0.05568000000000010,0.015600000000000100,0.008920000000000040
000000000000000001f8_0,0.10392000000000000,0.14940000000000000,1,0.17760000000000000,0.14302000000000000,0.13778000000000000,0.08246000000000000
000000000000000001f9_0,0.037400000000000000,0.07232000000000010,1,0.3552600000000000,0.05340000000000010,0.11860000000000000,0.05120000000000010
000000000000000001fa_0,0.052720000000000000,0.09896000000000010,1,0.3081200000000000,0.08820000000000010,0.2396000000000000,0.13728000000000000
000000000000000001fb_0,0.05672000000000010,0.09342000000000000,1,0.24300000000000000,0.07300000000000010,0.10980000000000000,0.05124000000000010
000000000000000001fc_0,0.06168000000000000,0.10700000000000000,1,0.3320200000000000,0.08446000000000010,0.14754000000000000,0.07794000000000000
000000000000000001fe_0,0.09556000000000000,0.12598000000000000,1,0.20160000000000000,0.11750000000000000,0.09152000000000010,0.049300000000000100
000000000000000001ff_0,0.06156000000000010,0.11092000000000000,1,0.14244000000000000,0.08060000000000010,0.05116000000000000,0.02856000000000000
00000000000000000201_0,0.09292000000000010,0.13668000000000000,1,0.23948000000000000,0.14224000000000000,0.15916000000000000,0.08768000000000000
00000000000000000202_0,0.024200000000000100,0.06608000000000000,1,0.33048000000000000,0.036920000000000100,0.10628000000000000,0.044960000000000100
00000000000000000203_0,0.057080000000000100,0.09772000000000000,1,0.3266400000000000,0.08080000000000000,0.11884000000000000,0.05520000000000000
00000000000000000204_0,0.047760000000000000,0.10072000000000000,1,0.19624000000000000,0.07464000000000000,0.07132000000000010,0.034680000000000000
00000000000000000205_0,0.04908000000000010,0.08404000000000010,1,0.2916,0.07332000000000010,0.11288000000000000,0.05772000000000010
00000000000000000209_0,0.04460000000000000,0.08368000000000000,1,0.40132000000000000,0.05676000000000000,0.09908000000000010,0.03684000000000000
0000000000000000020a_0,0.08176000000000010,0.11768000000000000,1,0.2682400000000000,0.12008000000000000,0.18700000000000000,0.10552000000000000
0000000000000000020b_0,0.03152000000000010,0.06748000000000000,1,0.4218000000000000,0.040600000000000000,0.15296000000000000,0.06244000000000010
0000000000000000020c_0,0.14590000000000000,0.22044000000000000,1,0.43460000000000000,0.25490000000000000,0.44678000000000000,0.35940000000000000
0000000000000000020d_0,0.08620000000000010,0.11992000000000000,1,0.2210800000000000,0.11344000000000000,0.16864000000000000,0.12196000000000000
0000000000000000020f_0,0.07540000000000000,0.11040000000000000,1,0.17636000000000000,0.09240000000000000,0.04612000000000010,0.021080000000000000
00000000000000000214_0,0.07388000000000010,0.11864000000000000,1,0.06376000000000000,0.08492000000000010,0.023680000000000000,0.014640000000000000
00000000000000000215_0,0.09170000000000010,0.14552000000000000,1,0.19626000000000000,0.14270000000000000,0.20066000000000000,0.13136000000000000
00000000000000000217_0,0.04898000000000010,0.08786000000000010,1,0.3875200000000000,0.06458000000000010,0.13988000000000000,0.06790000000000010
00000000000000000219_0,0.07520000000000000,0.10300000000000000,1,0.29528000000000000,0.09160000000000010,0.20196000000000000,0.12256000000000000
000000000000000001ee_0,0.060360000000000000,0.09852000000000010,1,0.25532000000000000,0.08916000000000010,0.10672000000000000,0.062000000000000100
000000000000000001eb_0,0.05084000000000010,0.09508000000000010,1,0.28808000000000000,0.08396000000000000,0.13132000000000000,0.06588000000000010
000000000000000000d9_0,0.06112000000000010,0.09680000000000010,1,0.23420000000000000,0.07772000000000010,0.09292000000000010,0.044320000000000000
00000000000000000200_0,0.03552000000000010,0.08032000000000010,1,0.2792400000000000,0.06264000000000000,0.08324000000000000,0.03200000000000000
000000000000000001c5_0,0.03070000000000010,0.05042000000000010,1,0.2583600000000000,0.03932000000000010,0.09474000000000010,0.047040000000000000
000000000000000001c4_0,0.022960000000000000,0.06484000000000000,1,0.4517600000000000,0.04368000000000010,0.11670000000000000,0.044340000000000000
000000000000000000ea_0,0.03392000000000010,0.07220000000000000,1,0.5088400000000000,0.04864000000000010,0.20336000000000000,0.08776000000000010
000000000000000001e3_0,0.029320000000000100,0.07044000000000010,1,0.5390000000000000,0.03192000000000010,0.12556000000000000,0.043240000000000100
000000000000000001f1_0,0.06360000000000010,0.11000000000000000,1,0.3133200000000000,0.09992000000000010,0.14380000000000000,0.07492000000000000
00000000000000000143_0,0.07756000000000010,0.11064000000000000,1,0.3813600000000000,0.08708000000000010,0.24108000000000000,0.13248000000000000
00000000000000000211_0,0.03936000000000010,0.07424000000000000,1,0.3644000000000000,0.05452000000000010,0.13384000000000000,0.05576000000000000
000000000000000001e7_0,0.05452000000000000,0.09138000000000000,1,0.31292000000000000,0.07048000000000000,0.11380000000000000,0.04800000000000000
000000000000000001f0_0,0.03578000000000010,0.08016000000000000,1,0.22942000000000000,0.07066000000000010,0.08906000000000000,0.04178000000000010
000000000000000001dd_0,0.09336000000000010,0.12772000000000000,1,0.33116000000000000,0.12052000000000000,0.20340000000000000,0.11948000000000000
000000000000000001d8_0,0.044360000000000100,0.09864000000000010,1,0.38088000000000000,0.05844000000000010,0.12436000000000000,0.047280000000000000
000000000000000001dc_0,0.02190000000000000,0.06794000000000000,1,0.3230200000000000,0.04890000000000000,0.12284000000000000,0.05330000000000000
000000000000000001df_0,0.059380000000000000,0.09664000000000010,1,0.3689000000000000,0.07482000000000010,0.18682000000000000,0.08094000000000000
000000000000000001c7_0,0.07504000000000010,0.12376000000000000,1,0.08240000000000000,0.10400000000000000,0.03316000000000000,0.01980000000000000
0000000000000000020e_0,0.03546000000000010,0.07522000000000000,1,0.3629800000000000,0.060240000000000000,0.12464000000000000,0.053340000000000100
000000000000000001cb_0,0.03448000000000000,0.06764000000000000,1,0.33770000000000000,0.05054000000000010,0.10112000000000000,0.043960000000000100
000000000000000001ed_0,0.08804000000000010,0.12552000000000000,1,0.11144000000000000,0.09520000000000010,0.033440000000000000,0.015560000000000000
000000000000000001e0_0,0.08628000000000000,0.13320000000000000,1,0.11960000000000000,0.10120000000000000,0.03748000000000010,0.016120000000000000
00000000000000000207_0,0.040720000000000000,0.08928000000000000,1,0.19048000000000000,0.044440000000000000,0.050880000000000000,0.020120000000000000
00000000000000000216_0,0.04084000000000000,0.07132000000000010,1,0.3332800000000000,0.050400000000000100,0.12024000000000000,0.045040000000000000
000000000000000001f5_0,0.07328000000000010,0.11920000000000000,1,0.13300000000000000,0.10060000000000000,0.10396000000000000,0.07532000000000010
00000000000000000210_0,0.03996000000000000,0.07488000000000000,1,0.24220000000000000,0.06096000000000000,0.08262000000000010,0.04070000000000000
000000000000000001e2_0,0.05380000000000010,0.09932000000000010,1,0.3466400000000000,0.09724000000000010,0.27516,0.14860000000000000
00000000000000000206_0,0.10752000000000000,0.14664000000000000,1,0.14716000000000000,0.12904000000000000,0.12028000000000000,0.08244000000000010
000000000000000001e1_0,0.06704000000000000,0.09316000000000010,1,0.30004000000000000,0.08108000000000000,0.15816000000000000,0.07240000000000010
000000000000000000e4_0,0.050880000000000000,0.08252000000000000,1,0.21448000000000000,0.06984000000000010,0.08736000000000010,0.047040000000000000
000000000000000000f6_0,0.10156000000000000,0.12500000000000000,0,0.03980000000000010,0.07604000000000010,0.01796000000000000,0.012200000000000000
000000000000000000d1_0,0.060480000000000000,0.09544000000000000,0,0.03008000000000010,0.05188000000000000,0.021160000000000100,0.015320000000000100
00000000000000000155_0,0.08056000000000010,0.11164000000000000,0,0.06440000000000010,0.07872000000000010,0.04020000000000010,0.03088000000000000
00000000000000000024_0,0.04864000000000010,0.09380000000000010,0,0.06728000000000010,0.07244000000000010,0.042360000000000100,0.029240000000000000
0000000000000000005d_0,0.10684000000000000,0.14932000000000000,0,0.07696000000000000,0.11088000000000000,0.06560000000000010,0.051120000000000100
0000000000000000016e_0,0.02848000000000010,0.09668000000000000,0,0.007560000000000070,0.058560000000000100,0.006400000000000020,0.007480000000000040
00000000000000000109_0,0.027200000000000100,0.08608000000000010,0,0.03412000000000000,0.04368000000000010,0.038920000000000100,0.03640000000000000
00000000000000000128_0,0.040720000000000000,0.11372000000000000,0,0.044480000000000100,0.06092000000000000,0.03712000000000000,0.030000000000000000
000000000000000000d4_0,0.03774000000000010,0.05786000000000010,0,0.0012400000000000500,0.007480000000000040,0.01474000000000000,0.01534000000000000
0000000000000000017e_0,0.02144000000000010,0.06700000000000010,0,0.003080000000000030,0.017760000000000100,0.006640000000000040,0.006840000000000070
0000000000000000001d_0,0.031600000000000000,0.07292000000000010,0,0.0,0.011700000000000000,0.012660000000000000,0.014440000000000000
00000000000000000183_0,0.03412000000000000,0.11026000000000000,0,0.016140000000000000,0.05082000000000000,0.03752000000000010,0.03546000000000010
000000000000000000aa_0,0.05250000000000010,0.09712000000000010,0,0.04782000000000010,0.06256000000000010,0.02774000000000010,0.021740000000000000
000000000000000000f4_0,0.10184000000000000,0.13672000000000000,0,0.059880000000000000,0.10864000000000000,0.01820000000000010,0.009520000000000030
000000000000000000cc_0,0.07844000000000010,0.11772000000000000,0,0.06068000000000010,0.09716000000000000,0.016720000000000100,0.01152000000000000
000000000000000000e7_0,0.07180000000000000,0.09092000000000010,0,0.058160000000000000,0.06956000000000010,0.018360000000000000,0.01052000000000000
00000000000000000098_0,0.04116000000000000,0.07504000000000010,0,0.022320000000000100,0.04480000000000010,0.012680000000000000,0.008440000000000060
000000000000000001b3_0,0.10944000000000000,0.14892000000000000,0,0.05192000000000000,0.12644000000000000,0.01608000000000000,0.009280000000000070
00000000000000000063_0,0.10668000000000000,0.14924000000000000,0,0.12868000000000000,0.15124000000000000,0.025440000000000000,0.015760000000000100
00000000000000000092_0,0.04596000000000000,0.08402000000000000,0,0.0,0.026020000000000000,0.004020000000000050,0.005460000000000050
0000000000000000015e_0,0.02300000000000000,0.05984000000000010,0,0.025400000000000000,0.027760000000000100,0.041000000000000000,0.03220000000000010
000000000000000000e9_0,0.07948000000000010,0.11348000000000000,0,0.05004000000000000,0.10796000000000000,0.025320000000000100,0.021240000000000000
00000000000000000055_0,0.08342000000000010,0.11002000000000000,0,0.20644000000000000,0.10528000000000000,0.21334000000000000,0.13006000000000000
0000000000000000013b_0,0.09136000000000010,0.11760000000000000,0,0.11124000000000000,0.11396000000000000,0.08932000000000010,0.062080000000000000
00000000000000000008_0,0.044440000000000000,0.08272000000000010,0,0.3172000000000000,0.04944000000000000,0.18948000000000000,0.10748000000000000
00000000000000000213_0,0.06868000000000010,0.11304000000000000,1,0.12340000000000000,0.09520000000000010,0.050520000000000100,0.032440000000000000
000000000000000000ed_0,0.09440000000000000,0.13804000000000000,0,0.20112000000000000,0.12856000000000000,0.15324000000000000,0.10212000000000000
00000000000000000212_0,0.04512000000000010,0.08440000000000000,1,0.30840000000000000,0.07372000000000010,0.14032000000000000,0.05600000000000010
00000000000000000051_0,0.12420000000000000,0.16044000000000000,0,0.2923200000000000,0.16604000000000000,0.24864000000000000,0.19468000000000000
0000000000000000016b_0,0.061500000000000100,0.10254000000000000,0,0.31340000000000000,0.11240000000000000,0.22426000000000000,0.14804000000000000
00000000000000000085_0,0.12016000000000000,0.15572000000000000,0,0.24812000000000000,0.18080000000000000,0.3076400000000000,0.24592000000000000
000000000000000001a2_0,0.06080000000000010,0.09732000000000010,0,0.40142000000000000,0.08576000000000010,0.2766800000000000,0.16276000000000000
00000000000000000069_0,0.0,0.07076000000000010,0,0.30384000000000000,0.07296000000000000,0.3165200000000000,0.23688000000000000
000000000000000001a4_0,0.08460000000000010,0.11500000000000000,0,0.36076,0.10412000000000000,0.2552400000000000,0.16032000000000000
00000000000000000058_0,0.07444000000000010,0.11562000000000000,0,0.32792000000000000,0.14130000000000000,0.3782200000000000,0.26226000000000000
00000000000000000169_0,0.09920000000000010,0.12668000000000000,0,0.28132000000000000,0.13340000000000000,0.3110800000000000,0.20028000000000000
00000000000000000009_0,0.07002000000000010,0.09926000000000000,0,0.3472000000000000,0.10040000000000000,0.21164000000000000,0.13056000000000000
00000000000000000112_0,0.11922000000000000,0.17018000000000000,0,0.36100000000000000,0.18220000000000000,0.3016600000000000,0.22088000000000000
0000000000000000003c_0,0.08692000000000010,0.11416000000000000,0,0.3437200000000000,0.10332000000000000,0.22580000000000000,0.13488000000000000
00000000000000000208_0,0.08972000000000010,0.12618000000000000,1,0.18676000000000000,0.10746000000000000,0.08980000000000010,0.05484000000000000
000000000000000000d3_0,0.2136400000000000,0.27284,0,0.41784000000000000,0.3115600000000000,0.39864000000000000,0.3546400000000000
00000000000000000029_0,0.14532000000000000,0.17596000000000000,0,0.2871200000000000,0.18824000000000000,0.2831200000000000,0.19940000000000000
000000000000000001be_0,0.06336000000000000,0.11492000000000000,0,0.15812000000000000,0.10064000000000000,0.11284000000000000,0.06616000000000010
000000000000000001d1_0,0.06116000000000010,0.10144000000000000,1,0.3229000000000000,0.07924000000000010,0.13758000000000000,0.06294000000000010
0000000000000000003f_0,0.09790000000000000,0.13740000000000000,0,0.2961800000000000,0.13468000000000000,0.27204000000000000,0.17172000000000000
00000000000000000070_0,0.17736000000000000,0.20564000000000000,0,0.3486000000000000,0.24856000000000000,0.36464,0.2784800000000000
000000000000000001b9_0,0.13958000000000000,0.20278000000000000,0,0.3792400000000000,0.25454000000000000,0.49674000000000000,0.4314200000000000
00000000000000000059_0,0.11472000000000000,0.14156000000000000,0,0.30928000000000000,0.13844000000000000,0.30104000000000000,0.20532000000000000
00000000000000000097_0,0.03324000000000010,0.07020000000000000,0,0.43028000000000000,0.04652000000000010,0.18836000000000000,0.07340000000000010
0000000000000000019c_0,0.14124000000000000,0.17608000000000000,0,0.3712000000000000,0.20000000000000000,0.4806000000000000,0.39694000000000000
00000000000000000032_0,0.057660000000000000,0.10398000000000000,0,0.31900000000000000,0.11194000000000000,0.22554000000000000,0.12368000000000000
00000000000000000066_0,0.06552000000000000,0.09756000000000000,0,0.44404000000000000,0.07116000000000010,0.23668000000000000,0.11056000000000000
00000000000000000192_0,0.07240000000000010,0.10308000000000000,0,0.3926800000000000,0.09664000000000010,0.2501600000000000,0.13592000000000000
000000000000000000b1_0,0.08694000000000010,0.12586000000000000,0,0.3688800000000000,0.11248000000000000,0.27382000000000000,0.17388000000000000
00000000000000000021_0,0.08404000000000010,0.15040000000000000,0,0.22292000000000000,0.16852000000000000,0.06940000000000010,0.04168000000000010
00000000000000000124_0,0.05176000000000000,0.10360000000000000,0,0.37644000000000000,0.08232000000000010,0.23796000000000000,0.13072000000000000
00000000000000000147_0,0.049880000000000000,0.10356000000000000,0,0.3666000000000000,0.07276000000000010,0.21528000000000000,0.11708000000000000
000000000000000001e6_0,0.04028000000000000,0.07436000000000000,1,0.3677200000000000,0.05348000000000000,0.14140000000000000,0.05824000000000010
000000000000000000fd_0,0.05366000000000000,0.10070000000000000,0,0.4317000000000000,0.06698000000000010,0.24004000000000000,0.12162000000000000
00000000000000000102_0,0.05968000000000000,0.10742000000000000,0,0.5738800000000000,0.08426000000000010,0.30684000000000000,0.14466000000000000
00000000000000000168_0,0.07546000000000000,0.11424000000000000,0,0.43838000000000000,0.10072000000000000,0.36474000000000000,0.20686000000000000