system:index,blue_S2_2,green_S2_2,landcover_S2_2,nir_S2_2,red_S2_2,swir1_S2_2,swir2_S2_2
00000000000000000001_0,0.0518,0.0885,0,0.0595,0.0646,0.06625,0.05160000000000000
00000000000000000003_0,0.05815000000000000,0.0874,0,0.31875,0.09535,0.29785,0.19140000000000000
00000000000000000004_0,0.0635,0.09820000000000000,0,0.03725,0.07815,0.0221,0.019
00000000000000000005_0,0.15080000000000000,0.18660000000000000,0,0.34450000000000000,0.1859,0.3135,0.265
00000000000000000007_0,0.0594,0.08800000000000000,0,0.3115,0.06720000000000000,0.19195,0.12055000000000000
0000000000000000000a_0,0.0658,0.0823,0,0.054400000000000000,0.0594,0.0472,0.032600000000000000
0000000000000000000c_0,0.0782,0.1062,0,0.23495,0.11295000000000000,0.1932,0.11270000000000000
0000000000000000000d_0,0.0852,0.09895000000000000,0,0.025750000000000000,0.05525000000000000,0.024050000000000000,0.021750000000000000
0000000000000000000e_0,0.038400000000000000,0.0551,0,0.3451,0.0444,0.2126,0.10160000000000000
00000000000000000011_0,0.0883,0.11670000000000000,0,0.025500000000000000,0.08120000000000000,0.0175,0.0148
00000000000000000013_0,0.048400000000000000,0.0813,0,0.2122,0.049800000000000000,0.1153,0.0574
00000000000000000014_0,0.06225,0.0932,0,0.24585,0.0762,0.1307,0.06345
00000000000000000015_0,0.0417,0.0563,0,0.07780000000000000,0.045700000000000000,0.055900000000000000,0.0368
00000000000000000017_0,0.0325,0.0572,0,0.3397,0.0397,0.1743,0.0863
00000000000000000018_0,0.037200000000000000,0.062,0,0.4375,0.0408,0.1854,0.0869
00000000000000000019_0,0.029400000000000000,0.037000000000000000,0,0.013800000000000000,0.0251,0.0097,0.0073
0000000000000000001a_0,0.0784,0.10950000000000000,0,0.019750000000000000,0.08885000000000000,0.01345,0.0129
0000000000000000001b_0,0.0903,0.11610000000000000,0,0.03175,0.0873,0.01615,0.011800000000000000
0000000000000000001c_0,0.09075,0.10320000000000000,0,0.15335000000000000,0.10295,0.14215,0.1121
0000000000000000001e_0,0.0989,0.12390000000000000,0,0.0442,0.0975,0.020900000000000000,0.016800000000000000
0000000000000000001f_0,0.0432,0.0507,0,0.38980000000000000,0.031,0.1587,0.0682
00000000000000000020_0,0.0736,0.08900000000000000,0,0.0328,0.05475000000000000,0.02695,0.0232
00000000000000000022_0,0.0446,0.0623,0,0.11670000000000000,0.0507,0.0818,0.046400000000000000
00000000000000000025_0,0.08525000000000000,0.10650000000000000,0,0.2988,0.12125,0.2621,0.18080000000000000
00000000000000000026_0,0.053500000000000000,0.0853,0,0.44880000000000000,0.048350000000000000,0.23255,0.1119
00000000000000000027_0,0.035,0.0523,0,0.09330000000000000,0.038700000000000000,0.057300000000000000,0.0375
0000000000000000002a_0,0.0362,0.06620000000000000,0,0.4408,0.0362,0.2036,0.09530000000000000
0000000000000000002b_0,0.0816,0.11760000000000000,0,0.08065,0.12565,0.01415,0.0111
0000000000000000002c_0,0.028700000000000000,0.04535,0,0.29425,0.03325,0.1473,0.06645000000000000
0000000000000000002d_0,0.0865,0.1187,0,0.028650000000000000,0.089,0.01485,0.0128
0000000000000000002e_0,0.0426,0.0752,0,0.12425,0.054900000000000000,0.07925,0.0485
0000000000000000002f_0,0.0814,0.1084,0,0.02835,0.06055000000000000,0.021,0.0181
00000000000000000030_0,0.0369,0.0558,0,0.2469,0.040400000000000000,0.1857,0.1106
00000000000000000033_0,0.09285,0.10450000000000000,0,0.09605,0.10145000000000000,0.09445,0.08360000000000000
00000000000000000034_0,0.04565,0.06725,0,0.29825,0.058800000000000000,0.21065,0.1397
00000000000000000035_0,0.11815,0.13040000000000000,0,0.13515,0.13405,0.1282,0.10305
00000000000000000036_0,0.15610000000000000,0.186,0,0.3121,0.2056,0.33840000000000000,0.2836
00000000000000000037_0,0.12215000000000000,0.1478,0,0.1905,0.1563,0.1898,0.16295
00000000000000000038_0,0.0721,0.1085,0,0.3296,0.1091,0.3075,0.19240000000000000
00000000000000000039_0,0.0543,0.07545,0,0.24710000000000000,0.06585000000000000,0.14965,0.09155
0000000000000000003a_0,0.0826,0.1125,0,0.025500000000000000,0.079,0.0158,0.0122
0000000000000000003e_0,0.09910000000000000,0.11620000000000000,0,0.1736,0.1491,0.1731,0.1444
00000000000000000040_0,0.09090000000000000,0.1178,0,0.0709,0.09330000000000000,0.0748,0.06770000000000000
00000000000000000041_0,0.0771,0.1148,0,0.0309,0.0872,0.0171,0.014700000000000000
00000000000000000042_0,0.08145,0.091,0,0.018050000000000000,0.056150000000000000,0.0145,0.013900000000000000
00000000000000000043_0,0.1799,0.1622,0,0.2924,0.16060000000000000,0.25370000000000000,0.23750000000000000
00000000000000000044_0,0.0688,0.0809,0,0.013800000000000000,0.040100000000000000,0.0061,0.0056
00000000000000000045_0,0.09365000000000000,0.12060000000000000,0,0.0675,0.10895,0.04485,0.03645
00000000000000000046_0,0.06910000000000000,0.08805,0,0.026750000000000000,0.05605,0.0201,0.0176
00000000000000000047_0,0.0489,0.0707,0,0.016800000000000000,0.047900000000000000,0.0092,0.007
00000000000000000048_0,0.08755,0.126,0,0.38180000000000000,0.12000000000000000,0.30385,0.19680000000000000
00000000000000000049_0,0.0988,0.12860000000000000,0,0.0358,0.0873,0.0256,0.0246
0000000000000000004a_0,0.045200000000000000,0.0756,0,0.392,0.0489,0.15460000000000000,0.0795
0000000000000000004b_0,0.0465,0.0868,0,0.5002,0.047,0.2168,0.1037
0000000000000000004c_0,0.0488,0.05255,0,0.0449,0.0484,0.0534,0.0432
0000000000000000004d_0,0.091,0.1139,0,0.0213,0.0729,0.0083,0.0079
0000000000000000004e_0,0.0649,0.0903,0,0.062400000000000000,0.0702,0.0323,0.0244
00000000000000000050_0,0.06205000000000000,0.08225,0,0.12805,0.07015,0.0922,0.0681
00000000000000000052_0,0.0597,0.091,0,0.0221,0.06620000000000000,0.0159,0.0114
00000000000000000054_0,0.12715,0.14915,0,0.22335,0.15510000000000000,0.23435,0.2102
00000000000000000056_0,0.0758,0.10210000000000000,0,0.0201,0.0757,0.0085,0.006500000000000000
00000000000000000057_0,0.0731,0.0998,0,0.2426,0.1019,0.2015,0.1558
0000000000000000005a_0,0.061200000000000000,0.07305,0,0.08900000000000000,0.05305,0.06540000000000000,0.039150000000000000
0000000000000000005b_0,0.058350000000000000,0.08070000000000000,0,0.01225,0.06165,0.01245,0.01025
0000000000000000005c_0,0.0834,0.10565000000000000,0,0.01835,0.06205,0.01065,0.0089
0000000000000000005e_0,0.0247,0.04095,0,0.41415,0.0213,0.1683,0.0631
0000000000000000005f_0,0.0473,0.0606,0,0.0373,0.0417,0.017,0.012400000000000000
00000000000000000060_0,0.034100000000000000,0.0513,0,0.2973,0.03320000000000000,0.13615,0.06055000000000000
00000000000000000062_0,0.06175,0.08425,0,0.24930000000000000,0.0761,0.17345000000000000,0.08435000000000000
00000000000000000064_0,0.0817,0.10300000000000000,0,0.04365,0.0922,0.01525,0.0138
00000000000000000067_0,0.03545,0.054000000000000000,0,0.0558,0.03765,0.03755,0.026000000000000000
0000000000000000006a_0,0.0775,0.1024,0,0.0222,0.0577,0.0143,0.011300000000000000
0000000000000000006b_0,0.0478,0.082,0,0.23090000000000000,0.0931,0.19010000000000000,0.1208
0000000000000000006e_0,0.06430000000000000,0.0845,0,0.2373,0.07400000000000000,0.16770000000000000,0.12140000000000000
00000000000000000072_0,0.12990000000000000,0.1648,0,0.24280000000000000,0.189,0.2771,0.2301
00000000000000000073_0,0.0402,0.05935,0,0.0492,0.043500000000000000,0.052450000000000000,0.034100000000000000
00000000000000000074_0,0.0728,0.0927,0,0.017,0.0543,0.008400000000000000,0.006
00000000000000000075_0,0.1588,0.1821,0,0.22,0.1889,0.2417,0.22820000000000000
00000000000000000078_0,0.1359,0.16110000000000000,0,0.21050000000000000,0.16970000000000000,0.26280000000000000,0.2589
0000000000000000007a_0,0.0777,0.0876,0,0.026600000000000000,0.0471,0.0281,0.0213
0000000000000000007e_0,0.0911,0.1145,0,0.27240000000000000,0.1062,0.16770000000000000,0.1004
00000000000000000080_0,0.12865000000000000,0.18055,0,0.30115000000000000,0.22815000000000000,0.3538,0.27885000000000000
00000000000000000081_0,0.0558,0.0741,0,0.0998,0.061900000000000000,0.0753,0.05
00000000000000000082_0,0.06275,0.0983,0,0.25655,0.09230000000000000,0.15080000000000000,0.08045
00000000000000000083_0,0.0801,0.10825000000000000,0,0.0352,0.09490000000000000,0.022600000000000000,0.0217
00000000000000000084_0,0.0353,0.056150000000000000,0,0.37875000000000000,0.044,0.1955,0.09315000000000000
00000000000000000086_0,0.15095,0.18080000000000000,0,0.33895000000000000,0.1845,0.2707,0.2087
00000000000000000087_0,0.0596,0.0794,0,0.1988,0.0825,0.2058,0.14550000000000000
00000000000000000088_0,0.0818,0.1192,0,0.038700000000000000,0.1159,0.016900000000000000,0.0134
00000000000000000089_0,0.0368,0.0655,0,0.2999,0.0654,0.1585,0.1029
0000000000000000008a_0,0.0887,0.12050000000000000,0,0.0502,0.1107,0.0409,0.0332
0000000000000000008b_0,0.07525000000000000,0.09055000000000000,0,0.05765,0.07005,0.0325,0.021900000000000000
0000000000000000008c_0,0.051300000000000000,0.08360000000000000,0,0.094,0.0693,0.0362,0.021500000000000000
0000000000000000008d_0,0.061900000000000000,0.069,0,0.0173,0.0429,0.013800000000000000,0.011300000000000000
0000000000000000008e_0,0.07540000000000000,0.09570000000000000,0,0.076,0.083,0.0424,0.0324
0000000000000000008f_0,0.0884,0.1092,0,0.0408,0.07635,0.035250000000000000,0.030500000000000000
00000000000000000090_0,0.14800000000000000,0.1859,0,0.3204,0.2073,0.3003,0.24830000000000000
00000000000000000091_0,0.0558,0.076,0,0.2184,0.0594,0.14850000000000000,0.0872
00000000000000000093_0,0.0782,0.10540000000000000,0,0.027100000000000000,0.07730000000000000,0.0172,0.013800000000000000
00000000000000000095_0,0.0514,0.06470000000000000,0,0.2509,0.0579,0.2074,0.1188
00000000000000000096_0,0.1396,0.1653,0,0.2582,0.15230000000000000,0.1923,0.1301
00000000000000000099_0,0.0353,0.05575000000000000,0,0.36260000000000000,0.033100000000000000,0.18335,0.0791
0000000000000000009a_0,0.09235,0.13255,0,0.07780000000000000,0.1291,0.033350000000000000,0.021900000000000000
0000000000000000009b_0,0.055,0.0805,0,0.2649,0.0804,0.217,0.1341
0000000000000000009e_0,0.034,0.0516,0,0.3523,0.029500000000000000,0.1743,0.08360000000000000
000000000000000000a1_0,0.0212,0.04335,0,0.30485000000000000,0.02325,0.13245,0.05775
000000000000000000a4_0,0.1262,0.1422,0,0.229,0.1401,0.1874,0.15510000000000000
000000000000000000a5_0,0.08915000000000000,0.11445,0,0.0298,0.0896,0.013850000000000000,0.00935
000000000000000000a6_0,0.0328,0.054450000000000000,0,0.29410000000000000,0.039650000000000000,0.18575000000000000,0.10485
000000000000000000a7_0,0.054150000000000000,0.09240000000000000,0,0.25105,0.093,0.19405,0.11795
000000000000000000a9_0,0.0385,0.05790000000000000,0,0.1487,0.042050000000000000,0.08225,0.04535
000000000000000000ab_0,0.1012,0.1242,0,0.09480000000000000,0.1124,0.0451,0.0324
000000000000000000ac_0,0.0981,0.11520000000000000,0,0.05,0.0873,0.0323,0.0262
000000000000000000ad_0,0.0388,0.05675,0,0.28705,0.06915,0.22350000000000000,0.1322
000000000000000000ae_0,0.07050000000000000,0.0897,0,0.0177,0.05395,0.00955,0.00665
000000000000000000b0_0,0.051000000000000000,0.0753,0,0.29545,0.0625,0.2134,0.12405000000000000
000000000000000000b2_0,0.058050000000000000,0.08115,0,0.2141,0.07845,0.14445000000000000,0.09160000000000000
000000000000000000b3_0,0.0316,0.055,0,0.34640000000000000,0.0309,0.1686,0.0873
000000000000000000b4_0,0.044500000000000000,0.0603,0,0.0732,0.043500000000000000,0.059500000000000000,0.0397
000000000000000000b5_0,0.09140000000000000,0.10170000000000000,0,0.14645,0.08990000000000000,0.09975,0.0749
000000000000000000b6_0,0.09490000000000000,0.10765,0,0.03825,0.06480000000000000,0.020200000000000000,0.01565
000000000000000000b7_0,0.0683,0.0995,0,0.0213,0.0687,0.0135,0.012400000000000000
000000000000000000b8_0,0.036500000000000000,0.0714,0,0.3567,0.0383,0.1956,0.09140000000000000
000000000000000000b9_0,0.15380000000000000,0.2268,0,0.377,0.3561,0.5202,0.45130000000000000
000000000000000000ba_0,0.0572,0.07970000000000000,0,0.2539,0.09430000000000000,0.2215,0.1419
000000000000000000bd_0,0.0748,0.09345,0,0.036250000000000000,0.056400000000000000,0.024,0.022600000000000000
000000000000000000c0_0,0.04295,0.06420000000000000,0,0.26230000000000000,0.0526,0.1775,0.1058
000000000000000000c1_0,0.0431,0.0721,0,0.25020000000000000,0.0451,0.1494,0.0758
000000000000000000c2_0,0.1149,0.1401,0,0.2034,0.1602,0.2373,0.2026
000000000000000000c6_0,0.09275,0.11075,0,0.22435,0.12680000000000000,0.27345,0.2394
000000000000000000ca_0,0.0349,0.0528,0,0.3645,0.0342,0.1774,0.09870000000000000
000000000000000000cd_0,0.1143,0.1574,0,0.2883,0.21610000000000000,0.3342,0.25420000000000000
000000000000000000ce_0,0.08835000000000000,0.1142,0,0.2245,0.10985,0.18145,0.12530000000000000
000000000000000000cf_0,0.0806,0.0941,0,0.31115000000000000,0.08055000000000000,0.20925,0.12975000000000000
000000000000000000d0_0,0.10890000000000000,0.1336,0,0.0492,0.1062,0.038200000000000000,0.0339
000000000000000000d2_0,0.1364,0.1641,0,0.2521,0.1776,0.2472,0.21000000000000000
000000000000000000d5_0,0.024300000000000000,0.043300000000000000,0,0.2886,0.023,0.10650000000000000,0.0437
000000000000000000d7_0,0.0288,0.056100000000000000,0,0.3109,0.03695,0.1869,0.09335
000000000000000000d8_0,0.08410000000000000,0.112,0,0.0477,0.1017,0.0273,0.0182
000000000000000000da_0,0.059000000000000000,0.0794,0,0.18130000000000000,0.067,0.1097,0.0693
000000000000000000db_0,0.038650000000000000,0.0767,0,0.5202,0.035500000000000000,0.22890000000000000,0.0965
000000000000000000dc_0,0.04920000000000000,0.0748,0,0.2652,0.0476,0.15710000000000000,0.07485
000000000000000000de_0,0.0852,0.1067,0,0.0164,0.0688,0.0125,0.0106
000000000000000000e0_0,0.0847,0.11270000000000000,0,0.0308,0.0959,0.015700000000000000,0.011600000000000000
000000000000000000e1_0,0.17525000000000000,0.15455000000000000,0,0.2197,0.16155000000000000,0.24605000000000000,0.2099
000000000000000000e2_0,0.051500000000000000,0.0796,0,0.3729,0.0524,0.1804,0.0898
000000000000000000e3_0,0.0794,0.10650000000000000,0,0.029150000000000000,0.0784,0.0175,0.01285
000000000000000000e5_0,0.19770000000000000,0.1869,0,0.27490000000000000,0.17270000000000000,0.3002,0.2902
000000000000000000e6_0,0.0499,0.08120000000000000,0,0.31880000000000000,0.0631,0.225,0.1233
000000000000000000eb_0,0.0889,0.1173,0,0.1884,0.1341,0.1645,0.1278
000000000000000000ec_0,0.1521,0.215,0,0.32,0.2943,0.4635,0.3336
000000000000000000ee_0,0.0584,0.07830000000000000,0,0.28240000000000000,0.0819,0.2469,0.1585
000000000000000000f2_0,0.0315,0.0471,0,0.3683,0.029500000000000000,0.1312,0.0517
000000000000000000f3_0,0.027700000000000000,0.0432,0,0.2931,0.026600000000000000,0.1477,0.0656
000000000000000000f5_0,0.041,0.0655,0,0.27305,0.07390000000000000,0.28580000000000000,0.17170000000000000
000000000000000000f7_0,0.0357,0.0592,0,0.2866,0.056600000000000000,0.19460000000000000,0.10110000000000000
000000000000000000f8_0,0.0585,0.0762,0,0.0964,0.061200000000000000,0.053700000000000000,0.0323
000000000000000000f9_0,0.06705,0.0888,0,0.01455,0.045950000000000000,0.0069500000000000000,0.006
000000000000000000fb_0,0.0472,0.0747,0,0.0666,0.049,0.0459,0.0269
000000000000000000fc_0,0.0395,0.0567,0,0.32180000000000000,0.046,0.20875,0.1164
000000000000000000fe_0,0.0369,0.055600000000000000,0,0.018500000000000000,0.0342,0.0117,0.0115
000000000000000000ff_0,0.06380000000000000,0.0888,0,0.2429,0.0799,0.17400000000000000,0.10790000000000000
00000000000000000103_0,0.0529,0.067,0,0.1947,0.0713,0.18780000000000000,0.1087
00000000000000000107_0,0.08270000000000000,0.1066,0,0.0167,0.0505,0.010400000000000000,0.009300000000000000
00000000000000000108_0,0.11320000000000000,0.1374,0,0.2611,0.157,0.27890000000000000,0.22940000000000000
0000000000000000010a_0,0.0598,0.08885,0,0.3088,0.08865,0.22465000000000000,0.13995000000000000
0000000000000000010b_0,0.0361,0.0534,0,0.05455,0.035250000000000000,0.057150000000000000,0.035100000000000000
0000000000000000010d_0,0.0655,0.0886,0,0.26930000000000000,0.0927,0.2429,0.1559
0000000000000000010e_0,0.062200000000000000,0.084,0,0.016900000000000000,0.048600000000000000,0.010700000000000000,0.00935
0000000000000000010f_0,0.0635,0.07970000000000000,0,0.01575,0.04295,0.01,0.0069
00000000000000000111_0,0.0456,0.07010000000000000,0,0.041800000000000000,0.047,0.0246,0.019200000000000000
00000000000000000114_0,0.1426,0.1631,0,0.1973,0.1743,0.2156,0.19440000000000000
00000000000000000115_0,0.04825,0.0771,0,0.3254,0.06420000000000000,0.262,0.15440000000000000
00000000000000000116_0,0.11265000000000000,0.13865,0,0.06745000000000000,0.1081,0.08245,0.0717
00000000000000000117_0,0.027800000000000000,0.0444,0,0.32330000000000000,0.030100000000000000,0.1575,0.07490000000000000
00000000000000000119_0,0.050850000000000000,0.07725,0,0.02315,0.0439,0.0159,0.01165
0000000000000000011b_0,0.08070000000000000,0.10210000000000000,0,0.0239,0.0609,0.019100000000000000,0.0149
0000000000000000011c_0,0.0367,0.057300000000000000,0,0.36410000000000000,0.0422,0.1701,0.0844
0000000000000000011e_0,0.05305,0.08695,0,0.40845000000000000,0.06255000000000000,0.20935,0.10725000000000000
00000000000000000120_0,0.1635,0.22215000000000000,0,0.2921,0.256,0.3789,0.3507
00000000000000000122_0,0.07350000000000000,0.11200000000000000,0,0.0538,0.0821,0.00785,0.0066
00000000000000000123_0,0.0449,0.0639,0,0.1456,0.0568,0.0949,0.064
00000000000000000125_0,0.04290000000000000,0.0799,0,0.1511,0.0628,0.09295,0.05345
00000000000000000126_0,0.0356,0.05600000000000000,0,0.33420000000000000,0.040600000000000000,0.1886,0.09995000000000000
00000000000000000127_0,0.0707,0.09730000000000000,0,0.3108,0.1032,0.255,0.1637
00000000000000000129_0,0.08045000000000000,0.1034,0,0.019200000000000000,0.0507,0.02025,0.018000000000000000
0000000000000000012a_0,0.1154,0.1343,0,0.155,0.1458,0.1703,0.1547
0000000000000000012b_0,0.0548,0.0761,0,0.2998,0.0558,0.2272,0.1168
0000000000000000012c_0,0.1157,0.15005000000000000,0,0.27395,0.17065000000000000,0.3156,0.2681
0000000000000000012e_0,0.041800000000000000,0.0699,0,0.39535000000000000,0.03445,0.2019,0.0947
00000000000000000130_0,0.11945,0.14450000000000000,0,0.3077,0.1451,0.26675000000000000,0.21000000000000000
00000000000000000131_0,0.08750000000000000,0.1247,0,0.3055,0.1332,0.3054,0.2218
00000000000000000132_0,0.055600000000000000,0.0767,0,0.21450000000000000,0.0718,0.1912,0.1427
00000000000000000133_0,0.043300000000000000,0.06945000000000000,0,0.34585,0.04625,0.19365000000000000,0.10600000000000000
00000000000000000134_0,0.054400000000000000,0.0766,0,0.11370000000000000,0.056900000000000000,0.08420000000000000,0.049800000000000000
00000000000000000135_0,0.0656,0.08080000000000000,0,0.27290000000000000,0.0809,0.2257,0.1516
00000000000000000136_0,0.0765,0.0942,0,0.1892,0.08080000000000000,0.132,0.0925
00000000000000000137_0,0.0785,0.112,0,0.038700000000000000,0.10500000000000000,0.0131,0.0094
00000000000000000139_0,0.18745,0.133,0,0.27745,0.17015000000000000,0.23470000000000000,0.29815
0000000000000000013a_0,0.1197,0.15935,0,0.34825000000000000,0.1461,0.31115000000000000,0.25430000000000000
0000000000000000013d_0,0.1447,0.167,0,0.23,0.1772,0.23750000000000000,0.2093
0000000000000000013e_0,0.1285,0.1431,0,0.2019,0.1505,0.20700000000000000,0.1847
0000000000000000013f_0,0.0668,0.10075,0,0.3357,0.10035,0.24305000000000000,0.13825
00000000000000000140_0,0.08785000000000000,0.12045,0,0.03655,0.1066,0.015850000000000000,0.01105
00000000000000000141_0,0.1371,0.1585,0,0.09480000000000000,0.128,0.09230000000000000,0.0877
00000000000000000142_0,0.08650000000000000,0.11040000000000000,0,0.0227,0.0698,0.010700000000000000,0.0089
00000000000000000144_0,0.0658,0.09785,0,0.09695000000000000,0.07725000000000000,0.0674,0.0492
00000000000000000145_0,0.10305,0.13325,0,0.22305,0.1664,0.2258,0.18385
00000000000000000146_0,0.0761,0.094,0,0.1894,0.0981,0.1633,0.1009
00000000000000000148_0,0.026000000000000000,0.0455,0,0.3259,0.02585,0.14795000000000000,0.06565000000000000
00000000000000000149_0,0.1024,0.10790000000000000,0,0.1135,0.1032,0.0932,0.0731
0000000000000000014b_0,0.0488,0.06860000000000000,0,0.2659,0.0473,0.1183,0.0674
0000000000000000014d_0,0.0751,0.08990000000000000,0,0.0256,0.0502,0.0165,0.0134
0000000000000000014e_0,0.062150000000000000,0.0772,0,0.013250000000000000,0.04215000000000000,0.014,0.0135
00000000000000000150_0,0.042800000000000000,0.0688,0,0.3518,0.049800000000000000,0.1981,0.11180000000000000
00000000000000000152_0,0.06960000000000000,0.0994,0,0.0287,0.0679,0.0149,0.0117
00000000000000000153_0,0.039,0.0608,0,0.32330000000000000,0.0438,0.1956,0.1052
00000000000000000154_0,0.1057,0.1135,0,0.1413,0.11470000000000000,0.1647,0.15990000000000000
00000000000000000156_0,0.0351,0.053000000000000000,0,0.3014,0.0352,0.1811,0.0858
00000000000000000157_0,0.0775,0.0815,0,0.0223,0.0397,0.0119,0.010700000000000000
00000000000000000159_0,0.0819,0.1107,0,0.0329,0.1024,0.0118,0.0108
0000000000000000015b_0,0.09525,0.11455,0,0.17545,0.11495,0.20980000000000000,0.19385000000000000
0000000000000000015c_0,0.044550000000000000,0.07095,0,0.3587,0.05355,0.21500000000000000,0.11805000000000000
0000000000000000015f_0,0.0853,0.0993,0,0.0279,0.06760000000000000,0.0173,0.0129
00000000000000000160_0,0.030350000000000000,0.042,0,0.04425,0.0222,0.0259,0.0178
00000000000000000163_0,0.038700000000000000,0.057100000000000000,0,0.3431,0.0472,0.19460000000000000,0.1077
00000000000000000167_0,0.03315,0.060050000000000000,0,0.35255000000000000,0.0367,0.21715,0.1052
0000000000000000016a_0,0.2235,0.321,0,0.3912,0.37520000000000000,0.4675,0.37420000000000000
0000000000000000016c_0,0.09770000000000000,0.11040000000000000,0,0.15760000000000000,0.11460000000000000,0.18480000000000000,0.1758
0000000000000000016f_0,0.02475,0.042300000000000000,0,0.31895,0.0251,0.1373,0.05355
00000000000000000170_0,0.08565,0.1182,0,0.052950000000000000,0.11375000000000000,0.0225,0.01755
00000000000000000173_0,0.1162,0.166,0,0.29025,0.18375000000000000,0.24650000000000000,0.164
00000000000000000174_0,0.06855,0.08265,0,0.062450000000000000,0.064,0.0679,0.05335
00000000000000000175_0,0.06955,0.0809,0,0.04725,0.06520000000000000,0.046200000000000000,0.0419
00000000000000000176_0,0.0852,0.10305,0,0.03795,0.06130000000000000,0.03295,0.02765
00000000000000000177_0,0.0449,0.0758,0,0.2684,0.0611,0.2074,0.1208
00000000000000000179_0,0.0719,0.0913,0,0.0207,0.060000000000000000,0.014100000000000000,0.012100000000000000
0000000000000000017a_0,0.1295,0.1777,0,0.2556,0.22260000000000000,0.3175,0.21000000000000000
0000000000000000017b_0,0.0434,0.06795000000000000,0,0.3345,0.053500000000000000,0.21130000000000000,0.10875000000000000
0000000000000000017c_0,0.050300000000000000,0.0809,0,0.31920000000000000,0.069,0.2645,0.154
0000000000000000017d_0,0.0917,0.11235,0,0.01455,0.06520000000000000,0.00585,0.0039
00000000000000000180_0,0.08080000000000000,0.1008,0,0.0307,0.051500000000000000,0.0268,0.023100000000000000
00000000000000000182_0,0.044500000000000000,0.0882,0,0.3734,0.0548,0.2538,0.1233
00000000000000000184_0,0.043300000000000000,0.0634,0,0.20470000000000000,0.0592,0.1082,0.0631
00000000000000000185_0,0.0509,0.0724,0,0.3296,0.0639,0.1985,0.11570000000000000
00000000000000000188_0,0.1134,0.1388,0,0.050800000000000000,0.0891,0.0412,0.0368
00000000000000000189_0,0.0417,0.062200000000000000,0,0.2773,0.0539,0.16820000000000000,0.1034
0000000000000000018a_0,0.0948,0.1165,0,0.038900000000000000,0.08305000000000000,0.018050000000000000,0.011550000000000000
0000000000000000018b_0,0.189,0.27030000000000000,0,0.35200000000000000,0.31470000000000000,0.4333,0.4002
0000000000000000018c_0,0.09195,0.11465,0,0.23155,0.13495000000000000,0.28625,0.25170000000000000
0000000000000000018d_0,0.0697,0.0863,0,0.013000000000000000,0.0436,0.0083,0.0068000000000000000
00000000000000000190_0,0.07625000000000000,0.10250000000000000,0,0.021900000000000000,0.067,0.01345,0.011550000000000000
00000000000000000191_0,0.08170000000000000,0.09960000000000000,0,0.0499,0.0689,0.0376,0.0317
00000000000000000193_0,0.03715,0.05435,0,0.0815,0.0363,0.0459,0.02685
00000000000000000194_0,0.08810000000000000,0.10795000000000000,0,0.0631,0.09590000000000000,0.05505,0.0476
00000000000000000195_0,0.04425,0.06440000000000000,0,0.3068,0.0543,0.18675000000000000,0.10605
00000000000000000196_0,0.022600000000000000,0.0376,0,0.3289,0.0238,0.12190000000000000,0.0506
00000000000000000198_0,0.06325,0.1024,0,0.3015,0.1256,0.27225,0.20730000000000000
00000000000000000199_0,0.068,0.0963,0,0.12275,0.08085,0.06765,0.049600000000000000
0000000000000000019b_0,0.06465000000000000,0.0822,0,0.23495000000000000,0.0713,0.15125,0.09090000000000000
0000000000000000019d_0,0.0504,0.06165,0,0.1478,0.058800000000000000,0.10945000000000000,0.05885
0000000000000000019e_0,0.11875000000000000,0.12945,0,0.22240000000000000,0.11960000000000000,0.24120000000000000,0.21555000000000000
000000000000000001a3_0,0.0367,0.0673,0,0.38970000000000000,0.0329,0.1792,0.07880000000000000
000000000000000001a6_0,0.0543,0.0887,0,0.1403,0.0631,0.0872,0.045000000000000000
000000000000000001a9_0,0.03155,0.048850000000000000,0,0.3352,0.0316,0.15300000000000000,0.07020000000000000
000000000000000001aa_0,0.045700000000000000,0.0659,0,0.3705,0.0379,0.1433,0.059300000000000000
000000000000000001ae_0,0.0721,0.0906,0,0.0234,0.051500000000000000,0.0103,0.0088
000000000000000001b0_0,0.0819,0.11610000000000000,0,0.16670000000000000,0.1208,0.1095,0.0585
000000000000000001b1_0,0.0403,0.0563,0,0.13905,0.0539,0.0925,0.05455
000000000000000001b4_0,0.15030000000000000,0.17830000000000000,0,0.2564,0.19870000000000000,0.3145,0.2482
000000000000000001b5_0,0.0716,0.1135,0,0.038700000000000000,0.0811,0.017,0.012400000000000000
000000000000000001b8_0,0.051500000000000000,0.0816,0,0.3955,0.0844,0.2328,0.14170000000000000
000000000000000001ba_0,0.05215,0.08125,0,0.29375,0.06945,0.21155000000000000,0.1282
000000000000000001bb_0,0.0834,0.11950000000000000,0,0.0347,0.10930000000000000,0.0148,0.0106
000000000000000001bc_0,0.1257,0.15360000000000000,0,0.2581,0.1845,0.2601,0.24730000000000000
000000000000000001bd_0,0.08380000000000000,0.12525,0,0.32975,0.12285000000000000,0.27680000000000000,0.20405
000000000000000001bf_0,0.0539,0.0687,0,0.0753,0.048,0.0506,0.0349
0000000000000000007c_0,0.0247,0.0443,0,0.3522,0.025900000000000000,0.1658,0.0723
0000000000000000011f_0,0.0346,0.048400000000000000,0,0.022600000000000000,0.0333,0.019100000000000000,0.0183
00000000000000000161_0,0.03900000000000000,0.0582,0,0.31885,0.036450000000000000,0.1446,0.06810000000000000
000000000000000000bc_0,0.023700000000000000,0.0441,0,0.24300000000000000,0.0268,0.1198,0.0603
00000000000000000068_0,0.0385,0.0589,0,0.27790000000000000,0.040600000000000000,0.1617,0.08120000000000000
0000000000000000014c_0,0.0422,0.0608,0,0.33180000000000000,0.0373,0.1582,0.0722
000000000000000000be_0,0.041400000000000000,0.06125,0,0.26735,0.03955,0.11585000000000000,0.05915000000000000
00000000000000000012_0,0.06540000000000000,0.09015000000000000,0,0.0965,0.06775,0.0435,0.0222
00000000000000000151_0,0.0546,0.0724,0,0.0183,0.042000000000000000,0.0127,0.0117
00000000000000000121_0,0.0246,0.04075,0,0.3398,0.02445,0.13575,0.057100000000000000
0000000000000000011d_0,0.0634,0.0882,0,0.0287,0.059000000000000000,0.0247,0.0223
000000000000000001b6_0,0.029400000000000000,0.044000000000000000,0,0.28850000000000000,0.030000000000000000,0.1368,0.0626
0000000000000000000b_0,0.030100000000000000,0.0574,0,0.3821,0.034300000000000000,0.1879,0.08660000000000000
00000000000000000110_0,0.0296,0.052500000000000000,0,0.2691,0.035300000000000000,0.1628,0.0766
0000000000000000006d_0,0.0348,0.040900000000000000,0,0.030750000000000000,0.0293,0.0212,0.013750000000000000
0000000000000000014a_0,0.0551,0.08775000000000000,0,0.4076,0.0695,0.20550000000000000,0.1121
00000000000000000113_0,0.0472,0.0664,0,0.1385,0.0519,0.0887,0.0536
00000000000000000118_0,0.049350000000000000,0.07900000000000000,0,0.22195,0.0518,0.10450000000000000,0.046150000000000000
0000000000000000015a_0,0.0378,0.0587,0,0.3391,0.0376,0.2041,0.09960000000000000
000000000000000000cb_0,0.07525000000000000,0.1057,0,0.0275,0.07585,0.01625,0.01225
000000000000000000fa_0,0.058550000000000000,0.084,0,0.0179,0.05725,0.00965,0.008450000000000000
0000000000000000009d_0,0.041150000000000000,0.0726,0,0.27350000000000000,0.04765,0.12855,0.07365000000000000
0000000000000000018f_0,0.048,0.0737,0,0.0955,0.0468,0.06960000000000000,0.0402
000000000000000000c4_0,0.062,0.07770000000000000,0,0.016550000000000000,0.03710000000000000,0.0088,0.008
000000000000000001a0_0,0.06420000000000000,0.08660000000000000,0,0.023700000000000000,0.06420000000000000,0.0164,0.0106
0000000000000000007d_0,0.0591,0.0693,0,0.02065,0.0485,0.0126,0.00915
000000000000000001af_0,0.0651,0.0693,0,0.034,0.0502,0.031900000000000000,0.0298
00000000000000000031_0,0.0636,0.08750000000000000,0,0.2701,0.0828,0.253,0.1694
00000000000000000000_0,0.0244,0.04825,0,0.34655,0.0325,0.1713,0.0784
00000000000000000079_0,0.07150000000000000,0.10135,0,0.3395,0.10185,0.2119,0.13205
000000000000000000c3_0,0.04095,0.06475,0,0.34505,0.04970000000000000,0.20315,0.12310000000000000
0000000000000000014f_0,0.04075,0.07105,0,0.39540000000000000,0.07020000000000000,0.23410000000000000,0.1471
000000000000000001a8_0,0.0839,0.1062,0,0.01905,0.08280000000000000,0.00825,0.007
000000000000000000a0_0,0.1149,0.1579,0,0.3355,0.18560000000000000,0.27790000000000000,0.2127
00000000000000000166_0,0.0906,0.1153,0,0.032100000000000000,0.0787,0.0369,0.0346
00000000000000000065_0,0.05790000000000000,0.08615,0,0.17575000000000000,0.06445000000000000,0.11100000000000000,0.07245000000000000
0000000000000000012f_0,0.0505,0.0687,0,0.327,0.0536,0.22510000000000000,0.1342
00000000000000000061_0,0.051500000000000000,0.06605,0,0.15995,0.06725,0.1527,0.09530000000000000
00000000000000000171_0,0.029300000000000000,0.0443,0,0.3018,0.031400000000000000,0.13520000000000000,0.0618
0000000000000000009f_0,0.0746,0.10060000000000000,0,0.0931,0.09970000000000000,0.0505,0.0357
00000000000000000138_0,0.0641,0.1102,0,0.3748,0.093,0.28140000000000000,0.16970000000000000
000000000000000000a8_0,0.0376,0.0645,0,0.08020000000000000,0.037700000000000000,0.0713,0.0398
000000000000000000f0_0,0.081,0.10790000000000000,0,0.116,0.0955,0.0614,0.0425
0000000000000000006c_0,0.05,0.0898,0,0.40690000000000000,0.056100000000000000,0.2278,0.1233
0000000000000000000f_0,0.0599,0.0716,0,0.014700000000000000,0.0398,0.01,0.0073
000000000000000000e8_0,0.0779,0.10565000000000000,0,0.25420000000000000,0.10365,0.19820000000000000,0.1267
000000000000000001a5_0,0.07740000000000000,0.1018,0,0.0499,0.0761,0.0477,0.0413
00000000000000000076_0,0.08,0.1105,0,0.0333,0.0906,0.0179,0.0129
0000000000000000012d_0,0.04895000000000000,0.07725,0,0.01075,0.054000000000000000,0.01065,0.0092
00000000000000000006_0,0.0748,0.0867,0,0.00975,0.034550000000000000,0.0089,0.0066
00000000000000000094_0,0.045000000000000000,0.0813,0,0.3376,0.060500000000000000,0.2315,0.11850000000000000
00000000000000000186_0,0.07315,0.087,0,0.25075000000000000,0.07495,0.1834,0.11435000000000000
000000000000000000bb_0,0.06155000000000000,0.0645,0,0.08480000000000000,0.07265000000000000,0.11215,0.11100000000000000
000000000000000000c9_0,0.1184,0.14475,0,0.04115,0.1154,0.0193,0.01825
0000000000000000011a_0,0.08120000000000000,0.1218,0,0.0403,0.12240000000000000,0.014400000000000000,0.0109
00000000000000000105_0,0.0753,0.0959,0,0.2364,0.082,0.2011,0.1588
000000000000000000af_0,0.0653,0.08990000000000000,0,0.0902,0.0679,0.0682,0.042
000000000000000000c8_0,0.09,0.12885000000000000,0,0.08380000000000000,0.14395000000000000,0.0167,0.012450000000000000
000000000000000001b7_0,0.04915,0.07805000000000000,0,0.05625,0.061950000000000000,0.056600000000000000,0.046
00000000000000000106_0,0.0782,0.1044,0,0.2301,0.1052,0.1837,0.1316
000000000000000000bf_0,0.0651,0.09380000000000000,0,0.25930000000000000,0.08900000000000000,0.188,0.1302
00000000000000000172_0,0.07050000000000000,0.0785,0,0.0175,0.042300000000000000,0.0173,0.0152
00000000000000000164_0,0.09860000000000000,0.1372,0,0.07835,0.1579,0.012400000000000000,0.00995
0000000000000000017f_0,0.0645,0.10500000000000000,0,0.309,0.1076,0.2097,0.1278
000000000000000000df_0,0.06235,0.09415000000000000,0,0.3488,0.08625000000000000,0.2731,0.17720000000000000
00000000000000000178_0,0.0835,0.10890000000000000,0,0.0473,0.1008,0.0175,0.0135
000000000000000001a1_0,0.061900000000000000,0.0916,0,0.3675,0.06720000000000000,0.27040000000000000,0.1492
000000000000000001ad_0,0.0687,0.08580000000000000,0,0.25985,0.07105,0.16495,0.1099
000000000000000000c5_0,0.0714,0.0879,0,0.032,0.05235,0.029900000000000000,0.028450000000000000
000000000000000000d6_0,0.0952,0.10940000000000000,0,0.049300000000000000,0.0937,0.039400000000000000,0.033100000000000000
0000000000000000006f_0,0.0466,0.0713,0,0.2904,0.0656,0.15525,0.0817
0000000000000000003b_0,0.0591,0.0835,0,0.15230000000000000,0.0741,0.10990000000000000,0.0714
000000000000000000f1_0,0.0813,0.1033,0,0.2364,0.10350000000000000,0.19060000000000000,0.1268
00000000000000000162_0,0.0827,0.1102,0,0.029400000000000000,0.0806,0.01625,0.01245
0000000000000000019f_0,0.08950000000000000,0.117,0,0.3073,0.12000000000000000,0.2526,0.2164
00000000000000000165_0,0.08700000000000000,0.12300000000000000,0,0.0523,0.09330000000000000,0.015000000000000000,0.0105
00000000000000000181_0,0.08575000000000000,0.1172,0,0.026250000000000000,0.0862,0.01205,0.00945
000000000000000001a7_0,0.0898,0.1111,0,0.0332,0.0785,0.021,0.0199
0000000000000000007f_0,0.08595,0.09540000000000000,0,0.02315,0.052750000000000000,0.0244,0.02075
00000000000000000197_0,0.0917,0.1247,0,0.08030000000000000,0.11280000000000000,0.0349,0.0217
0000000000000000015d_0,0.0526,0.06470000000000000,0,0.0639,0.0396,0.0303,0.021
00000000000000000002_0,0.0671,0.0936,0,0.25730000000000000,0.0755,0.1685,0.1242
0000000000000000004f_0,0.09380000000000000,0.12685,0,0.18330000000000000,0.15040000000000000,0.20325000000000000,0.1887
0000000000000000009c_0,0.0872,0.1077,0,0.2114,0.12140000000000000,0.22160000000000000,0.21780000000000000
000000000000000000a3_0,0.0796,0.0867,0,0.2727,0.081,0.1636,0.1153
00000000000000000100_0,0.06720000000000000,0.08940000000000000,0,0.0218,0.052500000000000000,0.014100000000000000,0.0118
0000000000000000019a_0,0.08275,0.09785,0,0.0174,0.055350000000000000,0.014600000000000000,0.0117
00000000000000000158_0,0.0882,0.11520000000000000,0,0.3104,0.12000000000000000,0.24760000000000000,0.1957
00000000000000000187_0,0.10940000000000000,0.1322,0,0.2366,0.1345,0.2024,0.16290000000000000
00000000000000000010_0,0.0993,0.12480000000000000,0,0.0644,0.11130000000000000,0.0359,0.0267
000000000000000000c7_0,0.08665,0.09845000000000000,0,0.03905,0.07090000000000000,0.015550000000000000,0.0131
00000000000000000104_0,0.08505,0.10565,0,0.0799,0.08910000000000000,0.07505,0.06870000000000000
0000000000000000018e_0,0.07010000000000000,0.0913,0,0.0234,0.0596,0.015000000000000000,0.0134
00000000000000000077_0,0.1097,0.12390000000000000,0,0.1423,0.1164,0.1061,0.08600000000000000
0000000000000000007b_0,0.1131,0.1373,0,0.0921,0.1197,0.08990000000000000,0.08115
000000000000000001ab_0,0.1275,0.1427,0,0.1626,0.1477,0.18180000000000000,0.16160000000000000
00000000000000000016_0,0.14395000000000000,0.17000000000000000,0,0.2466,0.18135,0.26665000000000000,0.19680000000000000
00000000000000000101_0,0.0854,0.1028,0,0.1198,0.0889,0.0839,0.0623
00000000000000000023_0,0.0453,0.06520000000000000,1,0.19140000000000000,0.0472,0.0637,0.0279
0000000000000000003d_0,0.055650000000000000,0.0716,1,0.05285000000000000,0.05785,0.06570000000000000,0.048850000000000000
000000000000000000ef_0,0.09040000000000000,0.1226,1,0.24150000000000000,0.12490000000000000,0.2101,0.1484
0000000000000000010c_0,0.0193,0.0449,1,0.3084,0.0236,0.0937,0.040400000000000000
0000000000000000016d_0,0.12125,0.14650000000000000,1,0.19105,0.14555,0.14755000000000000,0.1102
000000000000000001c0_0,0.0354,0.056,1,0.28040000000000000,0.0358,0.0994,0.0438
000000000000000001c1_0,0.023350000000000000,0.0407,1,0.21965,0.025750000000000000,0.08995,0.0427
000000000000000001c2_0,0.08900000000000000,0.1115,1,0.1037,0.1114,0.0702,0.0378
000000000000000001c3_0,0.0759,0.10590000000000000,1,0.10575000000000000,0.10060000000000000,0.09260000000000000,0.06705
000000000000000001c6_0,0.05890000000000000,0.0872,1,0.21865,0.06670000000000000,0.1064,0.06445000000000000
000000000000000001c8_0,0.0511,0.0683,1,0.1163,0.0461,0.0487,0.032600000000000000
000000000000000001c9_0,0.094,0.13015,1,0.1187,0.14525,0.04575,0.033350000000000000
000000000000000001ca_0,0.0395,0.0639,1,0.221,0.042,0.0932,0.0436
000000000000000001cc_0,0.05745,0.07415,1,0.2603,0.062400000000000000,0.131,0.06985
000000000000000001cd_0,0.0361,0.0636,1,0.3047,0.0359,0.0925,0.035300000000000000
000000000000000001ce_0,0.03795,0.05895,1,0.26115,0.03565,0.10500000000000000,0.044950000000000000
000000000000000001cf_0,0.064,0.0869,1,0.2106,0.0882,0.1501,0.0966
000000000000000001d0_0,0.056400000000000000,0.07470000000000000,1,0.22,0.0494,0.09955,0.052000000000000000
000000000000000001d2_0,0.0218,0.053200000000000000,1,0.4504,0.0211,0.1645,0.07350000000000000
000000000000000001d3_0,0.02355,0.04855,1,0.4338,0.02035,0.12735000000000000,0.05
000000000000000001d4_0,0.06820000000000000,0.08615,1,0.17685,0.0654,0.07105,0.03495
000000000000000001d5_0,0.03595,0.05985,1,0.2864,0.0344,0.101,0.03885
000000000000000001d6_0,0.05895,0.0764,1,0.1504,0.05310000000000000,0.0458,0.02205
000000000000000001d7_0,0.0708,0.0985,1,0.0757,0.07980000000000000,0.0297,0.0161
000000000000000001d9_0,0.0676,0.0932,1,0.0708,0.08235,0.03995,0.029150000000000000
000000000000000001da_0,0.0458,0.07475000000000000,1,0.35975,0.04195,0.19385000000000000,0.09295
000000000000000001db_0,0.0229,0.0363,1,0.2831,0.021400000000000000,0.0604,0.0261
000000000000000001de_0,0.03095,0.0563,1,0.33115000000000000,0.030850000000000000,0.08845,0.03155
000000000000000001e4_0,0.08310000000000000,0.111,1,0.2571,0.1073,0.1796,0.1386
000000000000000001e5_0,0.0694,0.11,1,0.3436,0.0971,0.26530000000000000,0.1562
000000000000000001e8_0,0.030350000000000000,0.04395,1,0.26880000000000000,0.0257,0.09155,0.0387
000000000000000001e9_0,0.07225000000000000,0.10235,1,0.2399,0.09455,0.16665000000000000,0.10540000000000000
000000000000000001ea_0,0.0395,0.0742,1,0.3986,0.034800000000000000,0.1443,0.0695
000000000000000001ec_0,0.0675,0.08950000000000000,1,0.1955,0.0738,0.1315,0.0755
000000000000000001ef_0,0.0434,0.0669,1,0.337,0.0407,0.09960000000000000,0.041600000000000000
000000000000000001f2_0,0.0224,0.048600000000000000,1,0.32120000000000000,0.0216,0.0918,0.035300000000000000
000000000000000001f3_0,0.0678,0.0944,1,0.08595,0.0791,0.03900000000000000,0.02085
000000000000000001f4_0,0.0683,0.0989,1,0.2396,0.0869,0.15710000000000000,0.1015
000000000000000001f6_0,0.060200000000000000,0.08660000000000000,1,0.07650000000000000,0.060000000000000000,0.03875,0.0184
000000000000000001f7_0,0.055400000000000000,0.0769,1,0.01175,0.047,0.0071,0.00625
000000000000000001f8_0,0.07490000000000000,0.1008,1,0.193,0.09380000000000000,0.1068,0.06670000000000000
000000000000000001f9_0,0.012700000000000000,0.0376,1,0.2592,0.0161,0.061500000000000000,0.023700000000000000
000000000000000001fa_0,0.0541,0.07055,1,0.2247,0.0512,0.1124,0.060950000000000000
000000000000000001fb_0,0.044500000000000000,0.0613,1,0.20320000000000000,0.039400000000000000,0.0675,0.0303
000000000000000001fc_0,0.0347,0.0636,1,0.29760000000000000,0.0409,0.1331,0.0742
000000000000000001fe_0,0.0545,0.08220000000000000,1,0.11,0.0795,0.0439,0.0211
000000000000000001ff_0,0.058250000000000000,0.08555000000000000,1,0.08495,0.0606,0.030750000000000000,0.01745
00000000000000000201_0,0.07305,0.09145,1,0.03155,0.054400000000000000,0.0176,0.014350000000000000
00000000000000000202_0,0.0267,0.0437,1,0.2514,0.025300000000000000,0.08425,0.03945
00000000000000000203_0,0.0318,0.054700000000000000,1,0.2917,0.030600000000000000,0.0858,0.034800000000000000
00000000000000000204_0,0.05255,0.0786,1,0.19280000000000000,0.0638,0.0849,0.0421
00000000000000000205_0,0.0369,0.0516,1,0.2743,0.031900000000000000,0.0724,0.033100000000000000
00000000000000000209_0,0.032,0.0523,1,0.29700000000000000,0.028900000000000000,0.0757,0.0308
0000000000000000020a_0,0.07325000000000000,0.09755,1,0.13975,0.07875,0.0711,0.0398
0000000000000000020b_0,0.0327,0.0499,1,0.3386,0.0323,0.0902,0.0356
0000000000000000020c_0,0.10845,0.15155000000000000,1,0.31465,0.1716,0.2431,0.1943
0000000000000000020d_0,0.062,0.0879,1,0.19290000000000000,0.06910000000000000,0.126,0.0931
0000000000000000020f_0,0.052000000000000000,0.077,1,0.17200000000000000,0.059000000000000000,0.0434,0.0178
00000000000000000214_0,0.05790000000000000,0.08365,1,0.031950000000000000,0.055850000000000000,0.0181,0.012900000000000000
00000000000000000215_0,0.1013,0.1313,1,0.2821,0.12840000000000000,0.21530000000000000,0.1512
00000000000000000217_0,0.031900000000000000,0.0459,1,0.2871,0.027600000000000000,0.09240000000000000,0.04
00000000000000000218_0,0.03585000000000000,0.061950000000000000,1,0.35315,0.0345,0.11475,0.04475
00000000000000000219_0,0.0354,0.0506,1,0.23420000000000000,0.0492,0.1574,0.0954
000000000000000001ee_0,0.0444,0.062200000000000000,1,0.184,0.0427,0.0629,0.0296
000000000000000001eb_0,0.0507,0.0742,1,0.20500000000000000,0.0575,0.09090000000000000,0.046900000000000000
000000000000000000d9_0,0.0463,0.0673,1,0.1462,0.046,0.0459,0.0275
00000000000000000200_0,0.0465,0.07070000000000000,1,0.19625,0.05135000000000000,0.060700000000000000,0.02355
000000000000000001c5_0,0.0263,0.040100000000000000,1,0.2189,0.025500000000000000,0.0756,0.039900000000000000
000000000000000001c4_0,0.0195,0.046,1,0.36710000000000000,0.0236,0.09430000000000000,0.036000000000000000
000000000000000000ea_0,0.041600000000000000,0.0674,1,0.47450000000000000,0.0432,0.1905,0.0868
000000000000000001e3_0,0.0267,0.056400000000000000,1,0.44365000000000000,0.0233,0.10900000000000000,0.0352
000000000000000001f1_0,0.057300000000000000,0.08215,1,0.27875,0.061700000000000000,0.12605,0.06485
00000000000000000143_0,0.05075,0.08585000000000000,1,0.28690000000000000,0.0592,0.1477,0.0848
00000000000000000211_0,0.024900000000000000,0.0477,1,0.2323,0.0263,0.0679,0.025400000000000000
000000000000000001e7_0,0.05195,0.0684,1,0.23685,0.05260000000000000,0.0968,0.0393
000000000000000001f0_0,0.0465,0.06620000000000000,1,0.1597,0.0587,0.0603,0.0443
000000000000000001dd_0,0.02725,0.05165,1,0.26070000000000000,0.02905,0.07665,0.0327
000000000000000001d8_0,0.025050000000000000,0.04765,1,0.30685000000000000,0.02515,0.07925000000000000,0.02935
000000000000000001dc_0,0.025500000000000000,0.0509,1,0.28200000000000000,0.031200000000000000,0.076,0.030600000000000000
000000000000000000dd_0,0.0524,0.06380000000000000,1,0.1521,0.0531,0.09090000000000000,0.0499
000000000000000001df_0,0.0455,0.0727,1,0.26330000000000000,0.0453,0.1273,0.0539
000000000000000001c7_0,0.0637,0.0905,1,0.0455,0.07735,0.0149,0.011000000000000000
0000000000000000020e_0,0.044000000000000000,0.05945,1,0.22010000000000000,0.0507,0.093,0.0517
000000000000000001cb_0,0.0357,0.0585,1,0.24860000000000000,0.0357,0.0779,0.031400000000000000
000000000000000001ed_0,0.0575,0.0772,1,0.0862,0.054400000000000000,0.0227,0.0106
000000000000000001e0_0,0.0655,0.09240000000000000,1,0.08460000000000000,0.0648,0.031400000000000000,0.0236
00000000000000000028_0,0.0511,0.0708,1,0.0999,0.048400000000000000,0.0426,0.0227
00000000000000000207_0,0.053200000000000000,0.07400000000000000,1,0.2064,0.0609,0.059500000000000000,0.0222
00000000000000000216_0,0.03805,0.062150000000000000,1,0.26935,0.0352,0.07805000000000000,0.03185
000000000000000001f5_0,0.058800000000000000,0.08045000000000000,1,0.0824,0.06255000000000000,0.05335000000000000,0.03875000000000000
00000000000000000210_0,0.04465,0.0679,1,0.2086,0.05600000000000000,0.10235,0.06605
000000000000000001e2_0,0.0702,0.10250000000000000,1,0.33375,0.1178,0.2861,0.20385000000000000
00000000000000000206_0,0.09190000000000000,0.1153,1,0.1134,0.11720000000000000,0.1082,0.0849
000000000000000001e1_0,0.0333,0.057100000000000000,1,0.1759,0.0324,0.053000000000000000,0.0233
000000000000000000e4_0,0.038200000000000000,0.0591,1,0.1612,0.0383,0.043000000000000000,0.0205
000000000000000000f6_0,0.0744,0.0898,0,0.04235,0.06015,0.02375,0.0189
000000000000000000d1_0,0.0679,0.0884,0,0.0222,0.04815,0.0145,0.01305
00000000000000000155_0,0.0609,0.08020000000000000,0,0.011600000000000000,0.049100000000000000,0.0079,0.0067
000000000000000001b2_0,0.08845,0.11510000000000000,0,0.03205,0.0911,0.0149,0.0119
00000000000000000024_0,0.061000000000000000,0.0862,0,0.0371,0.0565,0.019100000000000000,0.016800000000000000
0000000000000000005d_0,0.0716,0.0882,0,0.0079,0.0397,0.008,0.006
0000000000000000016e_0,0.08625,0.11865,0,0.0285,0.09465000000000000,0.0134,0.01005
00000000000000000109_0,0.0637,0.0804,0,0.02105,0.04530000000000000,0.0097,0.007000000000000000
00000000000000000128_0,0.0632,0.08020000000000000,0,0.0159,0.0376,0.0091,0.0078000000000000000
000000000000000000d4_0,0.059750000000000000,0.0538,0,0.014150000000000000,0.020050000000000000,0.0105,0.0091
0000000000000000017e_0,0.083,0.10435,0,0.014350000000000000,0.059050000000000000,0.007600000000000000,0.007300000000000000
0000000000000000001d_0,0.0668,0.07490000000000000,0,0.0177,0.0346,0.0112,0.0086
00000000000000000183_0,0.08020000000000000,0.1063,0,0.024300000000000000,0.0546,0.016,0.0132
000000000000000000aa_0,0.0625,0.0804,0,0.02935,0.05105,0.02545,0.0245
000000000000000000f4_0,0.0903,0.1145,0,0.0391,0.08800000000000000,0.0204,0.0132
000000000000000000cc_0,0.06855,0.09925,0,0.10455,0.07515,0.05165,0.032350000000000000
000000000000000000e7_0,0.06935,0.087,0,0.03610000000000000,0.06315000000000000,0.01715,0.013250000000000000
00000000000000000098_0,0.047900000000000000,0.060200000000000000,0,0.0132,0.0368,0.008700000000000000,0.006900000000000000
000000000000000001b3_0,0.08080000000000000,0.1081,0,0.0315,0.0918,0.0131,0.0108
00000000000000000063_0,0.0703,0.0958,0,0.02255,0.07265,0.0108,0.0077
00000000000000000092_0,0.0616,0.08315,0,0.0151,0.041800000000000000,0.008150000000000000,0.0064
0000000000000000015e_0,0.06775,0.08510000000000000,0,0.0524,0.0646,0.04445,0.034
000000000000000000e9_0,0.08320000000000000,0.1087,0,0.0317,0.0912,0.0228,0.020300000000000000
00000000000000000055_0,0.059300000000000000,0.0806,0,0.1577,0.0655,0.1114,0.0589
0000000000000000013b_0,0.0455,0.053500000000000000,0,0.049,0.0444,0.0337,0.0274
00000000000000000008_0,0.034,0.0738,0,0.3427,0.0393,0.1768,0.07980000000000000
00000000000000000213_0,0.0454,0.062200000000000000,1,0.18180000000000000,0.0475,0.0887,0.0529
000000000000000000ed_0,0.07740000000000000,0.1056,0,0.16690000000000000,0.1082,0.1463,0.11750000000000000
00000000000000000212_0,0.0441,0.069,1,0.2038,0.039400000000000000,0.0471,0.019
00000000000000000051_0,0.12305,0.16060000000000000,0,0.28345000000000000,0.16705,0.2575,0.2112
0000000000000000016b_0,0.0592,0.07845000000000000,0,0.31465,0.0633,0.1925,0.09865
00000000000000000085_0,0.1269,0.14735,0,0.22685,0.15775,0.2227,0.19005
000000000000000001a2_0,0.03665,0.06720000000000000,0,0.35950000000000000,0.0461,0.233,0.11430000000000000
00000000000000000069_0,0.137,0.14845000000000000,0,0.22190000000000000,0.13605,0.19235000000000000,0.1634
000000000000000001a4_0,0.06660000000000000,0.0859,0,0.27555,0.08265,0.19840000000000000,0.1356
00000000000000000058_0,0.08165,0.12475,0,0.31295,0.14985,0.3267,0.28435
00000000000000000169_0,0.08,0.10790000000000000,0,0.2204,0.12710000000000000,0.2666,0.1879
00000000000000000009_0,0.0434,0.0664,0,0.3049,0.0713,0.1719,0.10650000000000000
00000000000000000112_0,0.0646,0.0883,0,0.2899,0.1039,0.23900000000000000,0.18230000000000000
0000000000000000003c_0,0.0753,0.0912,0,0.2626,0.07730000000000000,0.1978,0.1262
0000000000000000013c_0,0.030100000000000000,0.047400000000000000,0,0.2391,0.027800000000000000,0.1341,0.0659
00000000000000000053_0,0.14100000000000000,0.1837,0,0.2822,0.23270000000000000,0.327,0.2524
00000000000000000208_0,0.0621,0.0868,1,0.21030000000000000,0.0722,0.0898,0.056
000000000000000000d3_0,0.21660000000000000,0.25505,0,0.3093,0.2705,0.31935,0.3012
00000000000000000029_0,0.12240000000000000,0.1547,0,0.2278,0.16640000000000000,0.2202,0.17980000000000000
000000000000000001be_0,0.061150000000000000,0.11220000000000000,0,0.1583,0.10635,0.13585000000000000,0.08485000000000000
000000000000000001d1_0,0.0334,0.050350000000000000,1,0.26835,0.03075,0.08130000000000000,0.0382
0000000000000000003f_0,0.062200000000000000,0.08815,0,0.2088,0.07350000000000000,0.14955000000000000,0.09545000000000000
000000000000000000a2_0,0.07300000000000000,0.1063,0,0.2298,0.1044,0.1363,0.115
00000000000000000070_0,0.0936,0.1226,0,0.2094,0.12350000000000000,0.21230000000000000,0.1739
000000000000000001b9_0,0.0937,0.1263,0,0.2843,0.139,0.3134,0.24450000000000000
00000000000000000059_0,0.07400000000000000,0.1022,0,0.25320000000000000,0.1018,0.2642,0.1806
00000000000000000097_0,0.02595,0.0419,0,0.264,0.028900000000000000,0.1203,0.0502
000000000000000001ac_0,0.1726,0.2111,0,0.29815,0.24195,0.31105000000000000,0.2624
0000000000000000019c_0,0.1189,0.15000000000000000,0,0.27470000000000000,0.15605000000000000,0.32630000000000000,0.28190000000000000
00000000000000000032_0,0.05505,0.07240000000000000,0,0.24145,0.07695,0.16920000000000000,0.09455000000000000
00000000000000000066_0,0.045000000000000000,0.0703,0,0.2864,0.0714,0.2223,0.134
00000000000000000192_0,0.030100000000000000,0.052700000000000000,0,0.33840000000000000,0.0334,0.18080000000000000,0.0966
000000000000000000b1_0,0.09480000000000000,0.11470000000000000,0,0.2543,0.108,0.2218,0.1579
000000000000000001fd_0,0.0258,0.0449,1,0.2503,0.0298,0.1092,0.0548
00000000000000000021_0,0.0603,0.08990000000000000,0,0.35950000000000000,0.0879,0.1955,0.1039
00000000000000000124_0,0.0402,0.0777,0,0.373,0.0504,0.21630000000000000,0.1041
00000000000000000147_0,0.0453,0.0878,0,0.4249,0.0436,0.2277,0.09910000000000000
000000000000000001e6_0,0.0347,0.0606,1,0.3308,0.03425,0.11285,0.04675
00000000000000000071_0,0.0396,0.0671,0,0.3836,0.0577,0.2078,0.1017
000000000000000000fd_0,0.0451,0.0713,0,0.3351,0.0505,0.1625,0.0912
00000000000000000102_0,0.0262,0.0538,0,0.3594,0.0358,0.2039,0.08990000000000000
00000000000000000168_0,0.0407,0.0692,0,0.33290000000000000,0.058600000000000000,0.2253,0.12430000000000000