system:index,blue_S2_1,green_S2_1,landcover_S2_1,nir_S2_1,red_S2_1,swir1_S2_1,swir2_S2_1,blue_S2_2,green_S2_2,landcover_S2_2,nir_S2_2,red_S2_2,swir1_S2_2,swir2_S2_2
00000000000000000001_0,0.1495,0.1611,0,0.0806,0.1317,0.0841,0.0619,0.0518,0.0885,0,0.0595,0.0646,0.06625,0.0516
00000000000000000003_0,0.0794,0.11665,0,0.30095,0.11575,0.26485,0.1678,0.05815,0.0874,0,0.31875,0.09535,0.29785,0.1914
00000000000000000004_0,0.0888,0.1186,0,0.0932,0.1271,0.056,0.0443,0.0635,0.0982,0,0.03725,0.07815,0.0221,0.019
00000000000000000005_0,0.14135,0.1772,0,0.3054,0.20055,0.36615,0.33265,0.1508,0.1866,0,0.3445,0.1859,0.3135,0.265
00000000000000000007_0,0.0622,0.102,0,0.3775,0.108,0.2654,0.2056,0.0594,0.088,0,0.3115,0.0672,0.19195,0.12055
0000000000000000000a_0,0.0513,0.0667,0,0.013,0.0314,0.0074,0.0051,0.0658,0.0823,0,0.0544,0.0594,0.0472,0.0326
0000000000000000000c_0,0.0619,0.08835,0,0.2376,0.0974,0.2519,0.17805,0.0782,0.1062,0,0.23495,0.11295,0.1932,0.1127
0000000000000000000d_0,0.09295,0.107,0,0.03755,0.0655,0.0205,0.0112,0.0852,0.09895,0,0.02575,0.05525,0.02405,0.02175
0000000000000000000e_0,0.07275,0.0846,0,0.32315,0.08375,0.27205,0.1639,0.0384,0.0551,0,0.3451,0.0444,0.2126,0.1016
00000000000000000011_0,0.10915,0.13305,0,0.155,0.1285,0.0777,0.04625,0.0883,0.1167,0,0.0255,0.0812,0.0175,0.0148
00000000000000000013_0,0.04965,0.07205,0,0.1213,0.0485,0.1026,0.0592,0.0484,0.0813,0,0.2122,0.0498,0.1153,0.0574
00000000000000000014_0,0.06405,0.08705,0,0.2463,0.076,0.1264,0.0725,0.06225,0.0932,0,0.24585,0.0762,0.1307,0.06345
00000000000000000015_0,0.05845,0.07085,0,0.10585,0.0614,0.0734,0.0476,0.0417,0.0563,0,0.0778,0.0457,0.0559,0.0368
00000000000000000017_0,0.0382,0.0601,0,0.2529,0.0473,0.1994,0.1091,0.0325,0.0572,0,0.3397,0.0397,0.1743,0.0863
00000000000000000018_0,0.0242,0.0591,0,0.3188,0.0387,0.2031,0.0945,0.0372,0.062,0,0.4375,0.0408,0.1854,0.0869
00000000000000000019_0,0.07595,0.10325,0,0.108,0.09875,0.09735,0.05045,0.0294,0.037,0,0.0138,0.0251,0.0097,0.0073
0000000000000000001a_0,0.0934,0.1169,0,0.0516,0.1159,0.0173,0.0124,0.0784,0.1095,0,0.01975,0.08885,0.01345,0.0129
0000000000000000001b_0,0.07335,0.0904,0,0.03005,0.0695,0.01635,0.0129,0.0903,0.1161,0,0.03175,0.0873,0.01615,0.0118
0000000000000000001c_0,0.0908,0.1022,0,0.1595,0.1009,0.1409,0.1106,0.09075,0.1032,0,0.15335,0.10295,0.14215,0.1121
0000000000000000001e_0,0.07085,0.09675,0,0.011,0.05515,0.0059,0.00605,0.0989,0.1239,0,0.0442,0.0975,0.0209,0.0168
0000000000000000001f_0,0.04265,0.0586,0,0.34015,0.03505,0.1584,0.0684,0.0432,0.0507,0,0.3898,0.031,0.1587,0.0682
00000000000000000020_0,0.1056,0.1239,0,0.1344,0.1214,0.0836,0.0552,0.0736,0.089,0,0.0328,0.05475,0.02695,0.0232
00000000000000000022_0,0.04725,0.06625,0,0.1102,0.05245,0.08895,0.0531,0.0446,0.0623,0,0.1167,0.0507,0.0818,0.0464
00000000000000000025_0,0.06775,0.0849,0,0.1887,0.0875,0.22835,0.16365,0.08525,0.1065,0,0.2988,0.12125,0.2621,0.1808
00000000000000000026_0,0.03785,0.06225,0,0.2907,0.04675,0.2004,0.1159,0.0535,0.0853,0,0.4488,0.04835,0.23255,0.1119
00000000000000000027_0,0.08015,0.09495,0,0.12175,0.0806,0.10855,0.0794,0.035,0.0523,0,0.0933,0.0387,0.0573,0.0375
0000000000000000002a_0,0.05055,0.0766,0,0.3654,0.05685,0.22285,0.11595,0.0362,0.0662,0,0.4408,0.0362,0.2036,0.0953
0000000000000000002b_0,0.0685,0.10175,0,0.07355,0.1134,0.01125,0.00895,0.0816,0.1176,0,0.08065,0.12565,0.01415,0.0111
0000000000000000002c_0,0.0732,0.0926,0,0.3016,0.0838,0.1708,0.0985,0.0287,0.04535,0,0.29425,0.03325,0.1473,0.06645
0000000000000000002d_0,0.08105,0.1072,0,0.0279,0.06985,0.0105,0.0076,0.0865,0.1187,0,0.02865,0.089,0.01485,0.0128
0000000000000000002e_0,0.10055,0.11975,0,0.20505,0.1175,0.1541,0.1044,0.0426,0.0752,0,0.12425,0.0549,0.07925,0.0485
0000000000000000002f_0,0.06175,0.072,0,0.0225,0.03665,0.00895,0.0069,0.0814,0.1084,0,0.02835,0.06055,0.021,0.0181
00000000000000000030_0,0.0396,0.0555,0,0.21145,0.0381,0.15915,0.098,0.0369,0.0558,0,0.2469,0.0404,0.1857,0.1106
00000000000000000033_0,0.1025,0.1095,0,0.1007,0.1071,0.0991,0.0859,0.09285,0.1045,0,0.09605,0.10145,0.09445,0.0836
00000000000000000034_0,0.0613,0.0893,0,0.2732,0.0885,0.2378,0.1734,0.04565,0.06725,0,0.29825,0.0588,0.21065,0.1397
00000000000000000035_0,0.0964,0.1103,0,0.1105,0.101,0.0783,0.0484,0.11815,0.1304,0,0.13515,0.13405,0.1282,0.10305
00000000000000000036_0,0.136,0.172,0,0.2801,0.1844,0.2867,0.2502,0.1561,0.186,0,0.3121,0.2056,0.3384,0.2836
00000000000000000037_0,0.132,0.1765,0,0.28115,0.20795,0.30565,0.2729,0.12215,0.1478,0,0.1905,0.1563,0.1898,0.16295
00000000000000000038_0,0.0646,0.0877,0,0.2404,0.0981,0.27125,0.18185,0.0721,0.1085,0,0.3296,0.1091,0.3075,0.1924
00000000000000000039_0,0.08635,0.10405,0,0.1839,0.09895,0.13965,0.09215,0.0543,0.07545,0,0.2471,0.06585,0.14965,0.09155
0000000000000000003a_0,0.08005,0.1077,0,0.0255,0.0836,0.01455,0.01115,0.0826,0.1125,0,0.0255,0.079,0.0158,0.0122
0000000000000000003e_0,0.1262,0.1542,0,0.1884,0.1661,0.2237,0.2045,0.0991,0.1162,0,0.1736,0.1491,0.1731,0.1444
00000000000000000040_0,0.11745,0.12095,0,0.07905,0.0895,0.05505,0.04415,0.0909,0.1178,0,0.0709,0.0933,0.0748,0.0677
00000000000000000041_0,0.0838,0.1234,0,0.0375,0.101,0.019,0.0132,0.0771,0.1148,0,0.0309,0.0872,0.0171,0.0147
00000000000000000042_0,0.0903,0.1029,0,0.0279,0.0587,0.0142,0.0118,0.08145,0.091,0,0.01805,0.05615,0.0145,0.0139
00000000000000000043_0,0.1565,0.146,0,0.26665,0.13995,0.2758,0.2497,0.1799,0.1622,0,0.2924,0.1606,0.2537,0.2375
00000000000000000044_0,0.09015,0.1021,0,0.0307,0.06455,0.0115,0.00705,0.0688,0.0809,0,0.0138,0.0401,0.0061,0.0056
00000000000000000045_0,0.0704,0.101,0,0.081,0.106,0.0763,0.0661,0.09365,0.1206,0,0.0675,0.10895,0.04485,0.03645
00000000000000000046_0,0.0629,0.0838,0,0.016,0.0381,0.0109,0.0097,0.0691,0.08805,0,0.02675,0.05605,0.0201,0.0176
00000000000000000047_0,0.05505,0.08025,0,0.0202,0.057,0.0093,0.0078,0.0489,0.0707,0,0.0168,0.0479,0.0092,0.007
00000000000000000048_0,0.1489,0.19155,0,0.32265,0.22025,0.3921,0.32565,0.08755,0.126,0,0.3818,0.12,0.30385,0.1968
00000000000000000049_0,0.0687,0.1016,0,0.0601,0.0969,0.016,0.0126,0.0988,0.1286,0,0.0358,0.0873,0.0256,0.0246
0000000000000000004a_0,0.06815,0.09755,0,0.2599,0.10395,0.22125,0.1661,0.0452,0.0756,0,0.392,0.0489,0.1546,0.0795
0000000000000000004b_0,0.0477,0.0876,0,0.2756,0.0679,0.209,0.1145,0.0465,0.0868,0,0.5002,0.047,0.2168,0.1037
0000000000000000004c_0,0.0445,0.0466,0,0.0551,0.0417,0.0539,0.044,0.0488,0.05255,0,0.0449,0.0484,0.0534,0.0432
0000000000000000004d_0,0.1378,0.163,0,0.07545,0.13575,0.016,0.01145,0.091,0.1139,0,0.0213,0.0729,0.0083,0.0079
0000000000000000004e_0,0.0976,0.1225,0,0.19,0.1032,0.1476,0.0824,0.0649,0.0903,0,0.0624,0.0702,0.0323,0.0244
00000000000000000050_0,0.07255,0.0949,0,0.15455,0.08625,0.1318,0.0967,0.06205,0.08225,0,0.12805,0.07015,0.0922,0.0681
00000000000000000052_0,0.043,0.0753,0,0.0085,0.0517,0.0084,0.0066,0.0597,0.091,0,0.0221,0.0662,0.0159,0.0114
00000000000000000054_0,0.1277,0.1482,0,0.2023,0.1559,0.2362,0.2138,0.12715,0.14915,0,0.22335,0.1551,0.23435,0.2102
00000000000000000056_0,0.0886,0.1151,0,0.0318,0.1022,0.0096,0.0068,0.0758,0.1021,0,0.0201,0.0757,0.0085,0.0065
00000000000000000057_0,0.07685,0.1048,0,0.21605,0.10805,0.21125,0.17175,0.0731,0.0998,0,0.2426,0.1019,0.2015,0.1558
0000000000000000005a_0,0.11135,0.12595,0,0.13175,0.1118,0.1202,0.0945,0.0612,0.07305,0,0.089,0.05305,0.0654,0.03915
0000000000000000005b_0,0.1138,0.12305,0,0.08745,0.10265,0.0545,0.04325,0.05835,0.0807,0,0.01225,0.06165,0.01245,0.01025
0000000000000000005c_0,0.09335,0.11115,0,0.0272,0.06825,0.0104,0.00725,0.0834,0.10565,0,0.01835,0.06205,0.01065,0.0089
0000000000000000005e_0,0.0369,0.0521,0,0.3492,0.0337,0.17565,0.075,0.0247,0.04095,0,0.41415,0.0213,0.1683,0.0631
0000000000000000005f_0,0.0612,0.08505,0,0.08985,0.0859,0.0895,0.06615,0.0473,0.0606,0,0.0373,0.0417,0.017,0.0124
00000000000000000060_0,0.0363,0.0474,0,0.2498,0.0333,0.113,0.0512,0.0341,0.0513,0,0.2973,0.0332,0.13615,0.06055
00000000000000000062_0,0.03965,0.05805,0,0.16685,0.0733,0.14,0.08805,0.06175,0.08425,0,0.2493,0.0761,0.17345,0.08435
00000000000000000064_0,0.06435,0.08365,0,0.0414,0.0714,0.0192,0.0211,0.0817,0.103,0,0.04365,0.0922,0.01525,0.0138
00000000000000000067_0,0.04085,0.05075,0,0.05855,0.03995,0.0584,0.04125,0.03545,0.054,0,0.0558,0.03765,0.03755,0.026
0000000000000000006a_0,0.0593,0.0817,0,0.0095,0.0396,0.004,0.0046,0.0775,0.1024,0,0.0222,0.0577,0.0143,0.0113
0000000000000000006b_0,0.05915,0.0878,0,0.19135,0.12095,0.2063,0.16315,0.0478,0.082,0,0.2309,0.0931,0.1901,0.1208
0000000000000000006e_0,0.0541,0.0743,0,0.2139,0.0658,0.1512,0.1136,0.0643,0.0845,0,0.2373,0.074,0.1677,0.1214
00000000000000000072_0,0.1368,0.1947,0,0.2696,0.2346,0.3163,0.2719,0.1299,0.1648,0,0.2428,0.189,0.2771,0.2301
00000000000000000073_0,0.0467,0.0631,0,0.0969,0.0564,0.0847,0.0532,0.0402,0.05935,0,0.0492,0.0435,0.05245,0.0341
00000000000000000074_0,0.0937,0.10815,0,0.0335,0.0786,0.0142,0.01,0.0728,0.0927,0,0.017,0.0543,0.0084,0.006
00000000000000000075_0,0.1622,0.17845,0,0.18775,0.19545,0.20555,0.2029,0.1588,0.1821,0,0.22,0.1889,0.2417,0.2282
00000000000000000078_0,0.11705,0.1453,0,0.1913,0.15435,0.24375,0.25065,0.1359,0.1611,0,0.2105,0.1697,0.2628,0.2589
0000000000000000007a_0,0.07445,0.08535,0,0.03225,0.04155,0.0208,0.01615,0.0777,0.0876,0,0.0266,0.0471,0.0281,0.0213
0000000000000000007e_0,0.0731,0.09805,0,0.20435,0.0916,0.1578,0.09855,0.0911,0.1145,0,0.2724,0.1062,0.1677,0.1004
00000000000000000080_0,0.0909,0.1222,0,0.2388,0.1458,0.2816,0.2047,0.12865,0.18055,0,0.30115,0.22815,0.3538,0.27885
00000000000000000081_0,0.069,0.0883,0,0.0841,0.07065,0.0567,0.04415,0.0558,0.0741,0,0.0998,0.0619,0.0753,0.05
00000000000000000082_0,0.07995,0.12225,0,0.2604,0.12745,0.20125,0.1123,0.06275,0.0983,0,0.25655,0.0923,0.1508,0.08045
00000000000000000083_0,0.0871,0.1127,0,0.0424,0.1104,0.0135,0.0096,0.0801,0.10825,0,0.0352,0.0949,0.0226,0.0217
00000000000000000084_0,0.05895,0.0703,0,0.2482,0.05835,0.14085,0.077,0.0353,0.05615,0,0.37875,0.044,0.1955,0.09315
00000000000000000086_0,0.17705,0.2089,0,0.3628,0.2189,0.3269,0.26225,0.15095,0.1808,0,0.33895,0.1845,0.2707,0.2087
00000000000000000087_0,0.0609,0.0919,0,0.1936,0.1039,0.2239,0.1615,0.0596,0.0794,0,0.1988,0.0825,0.2058,0.1455
00000000000000000088_0,0.0856,0.1178,0,0.0266,0.0934,0.0142,0.0108,0.0818,0.1192,0,0.0387,0.1159,0.0169,0.0134
00000000000000000089_0,0.0225,0.0543,0,0.373,0.0345,0.1728,0.0894,0.0368,0.0655,0,0.2999,0.0654,0.1585,0.1029
0000000000000000008a_0,0.0869,0.1243,0,0.0336,0.0936,0.0332,0.0277,0.0887,0.1205,0,0.0502,0.1107,0.0409,0.0332
0000000000000000008b_0,0.0652,0.0848,0,0.0433,0.06645,0.0302,0.0232,0.07525,0.09055,0,0.05765,0.07005,0.0325,0.0219
0000000000000000008c_0,0.07985,0.0998,0,0.12405,0.08565,0.0607,0.0306,0.0513,0.0836,0,0.094,0.0693,0.0362,0.0215
0000000000000000008d_0,0.07605,0.0856,0,0.03885,0.0606,0.0249,0.016,0.0619,0.069,0,0.0173,0.0429,0.0138,0.0113
0000000000000000008e_0,0.0782,0.1015,0,0.0933,0.0954,0.0684,0.0444,0.0754,0.0957,0,0.076,0.083,0.0424,0.0324
0000000000000000008f_0,0.0879,0.1131,0,0.032,0.0841,0.0236,0.0213,0.0884,0.1092,0,0.0408,0.07635,0.03525,0.0305
00000000000000000090_0,0.1643,0.2379,0,0.3065,0.2787,0.3333,0.2976,0.148,0.1859,0,0.3204,0.2073,0.3003,0.2483
00000000000000000091_0,0.0845,0.1037,0,0.2237,0.0948,0.1838,0.1191,0.0558,0.076,0,0.2184,0.0594,0.1485,0.0872
00000000000000000093_0,0.07425,0.1033,0,0.02865,0.07845,0.0204,0.0148,0.0782,0.1054,0,0.0271,0.0773,0.0172,0.0138
00000000000000000095_0,0.06185,0.0755,0,0.2162,0.08615,0.23765,0.1553,0.0514,0.0647,0,0.2509,0.0579,0.2074,0.1188
00000000000000000096_0,0.0842,0.1482,0,0.1893,0.1263,0.1586,0.1008,0.1396,0.1653,0,0.2582,0.1523,0.1923,0.1301
00000000000000000099_0,0.03355,0.05215,0,0.3287,0.04045,0.1912,0.0976,0.0353,0.05575,0,0.3626,0.0331,0.18335,0.0791
0000000000000000009a_0,0.0996,0.1362,0,0.1353,0.1423,0.1009,0.0596,0.09235,0.13255,0,0.0778,0.1291,0.03335,0.0219
0000000000000000009b_0,0.0599,0.0797,0,0.1954,0.0922,0.2354,0.1648,0.055,0.0805,0,0.2649,0.0804,0.217,0.1341
0000000000000000009e_0,0.0394,0.0696,0,0.3446,0.0379,0.1719,0.0877,0.034,0.0516,0,0.3523,0.0295,0.1743,0.0836
000000000000000000a1_0,0.0254,0.0509,0,0.2739,0.02875,0.1401,0.0657,0.0212,0.04335,0,0.30485,0.02325,0.13245,0.05775
000000000000000000a4_0,0.0727,0.0878,0,0.2232,0.0748,0.1475,0.1011,0.1262,0.1422,0,0.229,0.1401,0.1874,0.1551
000000000000000000a5_0,0.0778,0.1002,0,0.0321,0.0686,0.015,0.0098,0.08915,0.11445,0,0.0298,0.0896,0.01385,0.00935
000000000000000000a6_0,0.0775,0.09485,0,0.2929,0.0742,0.2069,0.12675,0.0328,0.05445,0,0.2941,0.03965,0.18575,0.10485
000000000000000000a7_0,0.0488,0.0656,0,0.1718,0.0515,0.1138,0.0676,0.05415,0.0924,0,0.25105,0.093,0.19405,0.11795
000000000000000000a9_0,0.088,0.0959,0,0.2176,0.0858,0.1419,0.0804,0.0385,0.0579,0,0.1487,0.04205,0.08225,0.04535
000000000000000000ab_0,0.1303,0.15385,0,0.0908,0.13135,0.05085,0.03675,0.1012,0.1242,0,0.0948,0.1124,0.0451,0.0324
000000000000000000ac_0,0.0843,0.103,0,0.0353,0.0798,0.0206,0.0172,0.0981,0.1152,0,0.05,0.0873,0.0323,0.0262
000000000000000000ad_0,0.0336,0.0513,0,0.2838,0.062,0.2293,0.1389,0.0388,0.05675,0,0.28705,0.06915,0.2235,0.1322
000000000000000000ae_0,0.09355,0.11395,0,0.0325,0.0891,0.01165,0.0073,0.0705,0.0897,0,0.0177,0.05395,0.00955,0.00665
000000000000000000b0_0,0.0595,0.0892,0,0.3147,0.0765,0.2053,0.1166,0.051,0.0753,0,0.29545,0.0625,0.2134,0.12405
000000000000000000b2_0,0.0776,0.10145,0,0.1967,0.1026,0.1969,0.13425,0.05805,0.08115,0,0.2141,0.07845,0.14445,0.0916
000000000000000000b3_0,0.0276,0.0525,0,0.318,0.0321,0.1548,0.0718,0.0316,0.055,0,0.3464,0.0309,0.1686,0.0873
000000000000000000b4_0,0.0756,0.1069,0,0.1965,0.12715,0.2449,0.1791,0.0445,0.0603,0,0.0732,0.0435,0.0595,0.0397
000000000000000000b5_0,0.084,0.10345,0,0.125,0.1102,0.0958,0.0747,0.0914,0.1017,0,0.14645,0.0899,0.09975,0.0749
000000000000000000b6_0,0.0399,0.0543,0,0.0033,0.0154,0.0035,0.0041,0.0949,0.10765,0,0.03825,0.0648,0.0202,0.01565
000000000000000000b7_0,0.0873,0.1115,0,0.0314,0.0751,0.0245,0.0203,0.0683,0.0995,0,0.0213,0.0687,0.0135,0.0124
000000000000000000b8_0,0.0395,0.0706,0,0.3321,0.0419,0.1855,0.0896,0.0365,0.0714,0,0.3567,0.0383,0.1956,0.0914
000000000000000000b9_0,0.1513,0.2329,0,0.3854,0.3579,0.5504,0.4537,0.1538,0.2268,0,0.377,0.3561,0.5202,0.4513
000000000000000000ba_0,0.1126,0.1508,0,0.25515,0.17215,0.25965,0.1881,0.0572,0.0797,0,0.2539,0.0943,0.2215,0.1419
000000000000000000bd_0,0.0749,0.0892,0,0.0249,0.05785,0.0118,0.00785,0.0748,0.09345,0,0.03625,0.0564,0.024,0.0226
000000000000000000c0_0,0.0518,0.0718,0,0.2268,0.0686,0.1795,0.1263,0.04295,0.0642,0,0.2623,0.0526,0.1775,0.1058
000000000000000000c1_0,0.0598,0.0825,0,0.2503,0.063,0.189,0.1012,0.0431,0.0721,0,0.2502,0.0451,0.1494,0.0758
000000000000000000c2_0,0.1231,0.1436,0,0.2088,0.1569,0.2336,0.1976,0.1149,0.1401,0,0.2034,0.1602,0.2373,0.2026
000000000000000000c6_0,0.098,0.1174,0,0.2098,0.1336,0.2521,0.2241,0.09275,0.11075,0,0.22435,0.1268,0.27345,0.2394
000000000000000000ca_0,0.0586,0.07055,0,0.31755,0.0557,0.17955,0.09425,0.0349,0.0528,0,0.3645,0.0342,0.1774,0.0987
000000000000000000cd_0,0.1136,0.13335,0,0.22065,0.13575,0.21385,0.18635,0.1143,0.1574,0,0.2883,0.2161,0.3342,0.2542
000000000000000000ce_0,0.08805,0.1269,0,0.22765,0.1522,0.25195,0.19985,0.08835,0.1142,0,0.2245,0.10985,0.18145,0.1253
000000000000000000cf_0,0.07415,0.08745,0,0.2433,0.08525,0.19445,0.13025,0.0806,0.0941,0,0.31115,0.08055,0.20925,0.12975
000000000000000000d0_0,0.09825,0.1261,0,0.02535,0.1012,0.01815,0.0151,0.1089,0.1336,0,0.0492,0.1062,0.0382,0.0339
000000000000000000d2_0,0.1493,0.17985,0,0.2468,0.19215,0.26105,0.22845,0.1364,0.1641,0,0.2521,0.1776,0.2472,0.21
000000000000000000d5_0,0.01875,0.03715,0,0.223,0.022,0.0959,0.0424,0.0243,0.0433,0,0.2886,0.023,0.1065,0.0437
000000000000000000d7_0,0.058,0.07855,0,0.2813,0.06935,0.2355,0.1406,0.0288,0.0561,0,0.3109,0.03695,0.1869,0.09335
000000000000000000d8_0,0.0803,0.0922,0,0.0767,0.0951,0.065,0.0542,0.0841,0.112,0,0.0477,0.1017,0.0273,0.0182
000000000000000000da_0,0.0605,0.0835,0,0.2063,0.0785,0.128,0.0841,0.059,0.0794,0,0.1813,0.067,0.1097,0.0693
000000000000000000db_0,0.04885,0.08045,0,0.47005,0.0432,0.26105,0.1177,0.03865,0.0767,0,0.5202,0.0355,0.2289,0.0965
000000000000000000dc_0,0.1007,0.1263,0,0.3021,0.0894,0.1931,0.0996,0.0492,0.0748,0,0.2652,0.0476,0.1571,0.07485
000000000000000000de_0,0.1066,0.1277,0,0.036,0.1028,0.0121,0.00885,0.0852,0.1067,0,0.0164,0.0688,0.0125,0.0106
000000000000000000e0_0,0.0777,0.1,0,0.0354,0.0968,0.0171,0.0124,0.0847,0.1127,0,0.0308,0.0959,0.0157,0.0116
000000000000000000e1_0,0.22515,0.2088,0,0.27055,0.2046,0.2787,0.2617,0.17525,0.15455,0,0.2197,0.16155,0.24605,0.2099
000000000000000000e2_0,0.03365,0.0532,0,0.21895,0.05325,0.1827,0.108,0.0515,0.0796,0,0.3729,0.0524,0.1804,0.0898
000000000000000000e3_0,0.05835,0.083,0,0.0208,0.0578,0.0132,0.0114,0.0794,0.1065,0,0.02915,0.0784,0.0175,0.01285
000000000000000000e5_0,0.19975,0.18995,0,0.29055,0.173,0.31145,0.2916,0.1977,0.1869,0,0.2749,0.1727,0.3002,0.2902
000000000000000000e6_0,0.0558,0.0816,0,0.2557,0.0817,0.2489,0.159,0.0499,0.0812,0,0.3188,0.0631,0.225,0.1233
000000000000000000eb_0,0.06915,0.076,0,0.1678,0.0672,0.13215,0.1082,0.0889,0.1173,0,0.1884,0.1341,0.1645,0.1278
000000000000000000ec_0,0.1072,0.1801,0,0.3345,0.2903,0.4744,0.3198,0.1521,0.215,0,0.32,0.2943,0.4635,0.3336
000000000000000000ee_0,0.0793,0.09415,0,0.2524,0.1057,0.2536,0.17695,0.0584,0.0783,0,0.2824,0.0819,0.2469,0.1585
000000000000000000f2_0,0.0807,0.0905,0,0.24205,0.07335,0.1307,0.06475,0.0315,0.0471,0,0.3683,0.0295,0.1312,0.0517
000000000000000000f3_0,0.0669,0.06985,0,0.2213,0.04295,0.12585,0.05695,0.0277,0.0432,0,0.2931,0.0266,0.1477,0.0656
000000000000000000f5_0,0.06805,0.08955,0,0.2946,0.08425,0.27885,0.1739,0.041,0.0655,0,0.27305,0.0739,0.2858,0.1717
000000000000000000f7_0,0.1063,0.1263,0,0.3626,0.1036,0.2199,0.1237,0.0357,0.0592,0,0.2866,0.0566,0.1946,0.1011
000000000000000000f8_0,0.05245,0.0753,0,0.1377,0.07655,0.115,0.08635,0.0585,0.0762,0,0.0964,0.0612,0.0537,0.0323
000000000000000000f9_0,0.0745,0.09105,0,0.0292,0.057,0.01015,0.0061,0.06705,0.0888,0,0.01455,0.04595,0.00695,0.006
000000000000000000fb_0,0.1048,0.1184,0,0.1194,0.1074,0.0752,0.0552,0.0472,0.0747,0,0.0666,0.049,0.0459,0.0269
000000000000000000fc_0,0.03885,0.05745,0,0.28155,0.05545,0.21945,0.13995,0.0395,0.0567,0,0.3218,0.046,0.20875,0.1164
000000000000000000fe_0,0.0145,0.0504,0,0.0076,0.0214,0.0057,0.0054,0.0369,0.0556,0,0.0185,0.0342,0.0117,0.0115
000000000000000000ff_0,0.07475,0.09855,0,0.23775,0.07785,0.2034,0.12565,0.0638,0.0888,0,0.2429,0.0799,0.174,0.1079
00000000000000000103_0,0.06005,0.0736,0,0.1874,0.07625,0.19715,0.1169,0.0529,0.067,0,0.1947,0.0713,0.1878,0.1087
00000000000000000107_0,0.12845,0.1535,0,0.0429,0.1211,0.01615,0.01115,0.0827,0.1066,0,0.0167,0.0505,0.0104,0.0093
00000000000000000108_0,0.1276,0.1647,0,0.2782,0.1927,0.3024,0.2427,0.1132,0.1374,0,0.2611,0.157,0.2789,0.2294
0000000000000000010a_0,0.0919,0.1203,0,0.2706,0.12085,0.19445,0.1282,0.0598,0.08885,0,0.3088,0.08865,0.22465,0.13995
0000000000000000010b_0,0.0492,0.075,0,0.0735,0.0476,0.0612,0.0451,0.0361,0.0534,0,0.05455,0.03525,0.05715,0.0351
0000000000000000010d_0,0.07235,0.10025,0,0.2541,0.112,0.2691,0.18835,0.0655,0.0886,0,0.2693,0.0927,0.2429,0.1559
0000000000000000010e_0,0.0583,0.0854,0,0.0134,0.0518,0.0081,0.0056,0.0622,0.084,0,0.0169,0.0486,0.0107,0.00935
0000000000000000010f_0,0.1125,0.1189,0,0.0542,0.0907,0.0372,0.0293,0.0635,0.0797,0,0.01575,0.04295,0.01,0.0069
00000000000000000111_0,0.0534,0.07615,0,0.0487,0.05285,0.03605,0.0294,0.0456,0.0701,0,0.0418,0.047,0.0246,0.0192
00000000000000000114_0,0.14665,0.16975,0,0.1981,0.18295,0.2205,0.2064,0.1426,0.1631,0,0.1973,0.1743,0.2156,0.1944
00000000000000000115_0,0.0525,0.0797,0,0.273,0.0901,0.3081,0.1974,0.04825,0.0771,0,0.3254,0.0642,0.262,0.1544
00000000000000000116_0,0.1195,0.1293,0,0.0942,0.116,0.0537,0.0432,0.11265,0.13865,0,0.06745,0.1081,0.08245,0.0717
00000000000000000117_0,0.0393,0.0487,0,0.341,0.0345,0.1592,0.0705,0.0278,0.0444,0,0.3233,0.0301,0.1575,0.0749
00000000000000000119_0,0.0581,0.0728,0,0.0258,0.0606,0.0107,0.0067,0.05085,0.07725,0,0.02315,0.0439,0.0159,0.01165
0000000000000000011b_0,0.1074,0.1298,0,0.15,0.1342,0.1175,0.0769,0.0807,0.1021,0,0.0239,0.0609,0.0191,0.0149
0000000000000000011c_0,0.0377,0.0519,0,0.3525,0.0454,0.1758,0.089,0.0367,0.0573,0,0.3641,0.0422,0.1701,0.0844
0000000000000000011e_0,0.07835,0.0899,0,0.3531,0.07595,0.23025,0.1279,0.05305,0.08695,0,0.40845,0.06255,0.20935,0.10725
00000000000000000120_0,0.1191,0.1587,0,0.2861,0.1992,0.3817,0.3155,0.1635,0.22215,0,0.2921,0.256,0.3789,0.3507
00000000000000000122_0,0.06425,0.09075,0,0.0251,0.0734,0.00755,0.0075,0.0735,0.112,0,0.0538,0.0821,0.00785,0.0066
00000000000000000123_0,0.0921,0.1015,0,0.1724,0.0853,0.1169,0.0785,0.0449,0.0639,0,0.1456,0.0568,0.0949,0.064
00000000000000000125_0,0.09165,0.1141,0,0.1615,0.1046,0.1319,0.08265,0.0429,0.0799,0,0.1511,0.0628,0.09295,0.05345
00000000000000000126_0,0.0497,0.0714,0,0.2417,0.0627,0.2057,0.1306,0.0356,0.056,0,0.3342,0.0406,0.1886,0.09995
00000000000000000127_0,0.0866,0.109,0,0.2543,0.1047,0.2292,0.1517,0.0707,0.0973,0,0.3108,0.1032,0.255,0.1637
00000000000000000129_0,0.0956,0.1137,0,0.0455,0.0699,0.0305,0.02405,0.08045,0.1034,0,0.0192,0.0507,0.02025,0.018
0000000000000000012a_0,0.1228,0.1594,0,0.20305,0.1855,0.2252,0.208,0.1154,0.1343,0,0.155,0.1458,0.1703,0.1547
0000000000000000012b_0,0.07365,0.0919,0,0.24545,0.10085,0.30655,0.21305,0.0548,0.0761,0,0.2998,0.0558,0.2272,0.1168
0000000000000000012c_0,0.1219,0.1554,0,0.27215,0.18155,0.31525,0.2683,0.1157,0.15005,0,0.27395,0.17065,0.3156,0.2681
0000000000000000012e_0,0.0441,0.0714,0,0.3433,0.0373,0.1879,0.094,0.0418,0.0699,0,0.39535,0.03445,0.2019,0.0947
00000000000000000130_0,0.09225,0.1186,0,0.27545,0.12535,0.2567,0.20685,0.11945,0.1445,0,0.3077,0.1451,0.26675,0.21
00000000000000000131_0,0.1014,0.1433,0,0.3327,0.1639,0.3405,0.2544,0.0875,0.1247,0,0.3055,0.1332,0.3054,0.2218
00000000000000000132_0,0.1,0.1106,0,0.2078,0.1059,0.2,0.1548,0.0556,0.0767,0,0.2145,0.0718,0.1912,0.1427
00000000000000000133_0,0.05065,0.07385,0,0.2194,0.06035,0.1909,0.124,0.0433,0.06945,0,0.34585,0.04625,0.19365,0.106
00000000000000000134_0,0.08,0.0874,0,0.1273,0.0743,0.1132,0.0796,0.0544,0.0766,0,0.1137,0.0569,0.0842,0.0498
00000000000000000135_0,0.0587,0.0712,0,0.2271,0.0698,0.1962,0.1207,0.0656,0.0808,0,0.2729,0.0809,0.2257,0.1516
00000000000000000136_0,0.0961,0.1162,0,0.1675,0.1223,0.15025,0.12535,0.0765,0.0942,0,0.1892,0.0808,0.132,0.0925
00000000000000000137_0,0.0927,0.124,0,0.072,0.1146,0.0217,0.01465,0.0785,0.112,0,0.0387,0.105,0.0131,0.0094
00000000000000000139_0,0.1661,0.20605,0,0.21655,0.239,0.22285,0.1847,0.18745,0.133,0,0.27745,0.17015,0.2347,0.29815
0000000000000000013a_0,0.14765,0.1724,0,0.3233,0.1719,0.3289,0.29225,0.1197,0.15935,0,0.34825,0.1461,0.31115,0.2543
0000000000000000013d_0,0.1215,0.1366,0,0.1774,0.14,0.1993,0.2064,0.1447,0.167,0,0.23,0.1772,0.2375,0.2093
0000000000000000013e_0,0.1088,0.12285,0,0.1779,0.1299,0.18175,0.15815,0.1285,0.1431,0,0.2019,0.1505,0.207,0.1847
0000000000000000013f_0,0.08415,0.11315,0,0.32555,0.08905,0.27985,0.1649,0.0668,0.10075,0,0.3357,0.10035,0.24305,0.13825
00000000000000000140_0,0.0861,0.1124,0,0.0316,0.0961,0.0151,0.0128,0.08785,0.12045,0,0.03655,0.1066,0.01585,0.01105
00000000000000000141_0,0.0946,0.1065,0,0.0804,0.0849,0.0719,0.0676,0.1371,0.1585,0,0.0948,0.128,0.0923,0.0877
00000000000000000142_0,0.12395,0.15155,0,0.15475,0.1301,0.01865,0.01435,0.0865,0.1104,0,0.0227,0.0698,0.0107,0.0089
00000000000000000144_0,0.08165,0.10645,0,0.0712,0.083,0.0541,0.0417,0.0658,0.09785,0,0.09695,0.07725,0.0674,0.0492
00000000000000000146_0,0.061,0.0814,0,0.2304,0.08,0.258,0.1749,0.0761,0.094,0,0.1894,0.0981,0.1633,0.1009
00000000000000000148_0,0.02975,0.05325,0,0.2974,0.0336,0.1642,0.07955,0.026,0.0455,0,0.3259,0.02585,0.14795,0.06565
00000000000000000149_0,0.09755,0.0976,0,0.0982,0.0891,0.072,0.0562,0.1024,0.1079,0,0.1135,0.1032,0.0932,0.0731
0000000000000000014b_0,0.03745,0.0547,0,0.2187,0.0393,0.10665,0.0636,0.0488,0.0686,0,0.2659,0.0473,0.1183,0.0674
0000000000000000014d_0,0.0739,0.0837,0,0.0223,0.0501,0.0117,0.0084,0.0751,0.0899,0,0.0256,0.0502,0.0165,0.0134
0000000000000000014e_0,0.0809,0.0982,0,0.0594,0.0817,0.0232,0.0186,0.06215,0.0772,0,0.01325,0.04215,0.014,0.0135
00000000000000000150_0,0.03815,0.06935,0,0.30135,0.0531,0.2048,0.1169,0.0428,0.0688,0,0.3518,0.0498,0.1981,0.1118
00000000000000000152_0,0.07405,0.10435,0,0.0195,0.0746,0.0139,0.0113,0.0696,0.0994,0,0.0287,0.0679,0.0149,0.0117
00000000000000000153_0,0.04535,0.0607,0,0.21345,0.05535,0.17785,0.10855,0.039,0.0608,0,0.3233,0.0438,0.1956,0.1052
00000000000000000154_0,0.0998,0.11005,0,0.1466,0.11735,0.1648,0.16655,0.1057,0.1135,0,0.1413,0.1147,0.1647,0.1599
00000000000000000156_0,0.04845,0.06325,0,0.18685,0.0565,0.19205,0.11675,0.0351,0.053,0,0.3014,0.0352,0.1811,0.0858
00000000000000000157_0,0.09445,0.1068,0,0.0351,0.06525,0.01625,0.01095,0.0775,0.0815,0,0.0223,0.0397,0.0119,0.0107
00000000000000000159_0,0.0882,0.11235,0,0.0366,0.0921,0.0145,0.011,0.0819,0.1107,0,0.0329,0.1024,0.0118,0.0108
0000000000000000015b_0,0.06575,0.08215,0,0.1278,0.08975,0.16245,0.13775,0.09525,0.11455,0,0.17545,0.11495,0.2098,0.19385
0000000000000000015c_0,0.08425,0.11155,0,0.2957,0.12285,0.32315,0.25195,0.04455,0.07095,0,0.3587,0.05355,0.215,0.11805
0000000000000000015f_0,0.0911,0.1251,0,0.0335,0.0912,0.023,0.0198,0.0853,0.0993,0,0.0279,0.0676,0.0173,0.0129
00000000000000000160_0,0.02,0.035,0,0.0247,0.0207,0.0219,0.0127,0.03035,0.042,0,0.04425,0.0222,0.0259,0.0178
00000000000000000163_0,0.054,0.0737,0,0.261,0.0688,0.2086,0.1477,0.0387,0.0571,0,0.3431,0.0472,0.1946,0.1077
00000000000000000167_0,0.0504,0.0719,0,0.249,0.0671,0.2341,0.1429,0.03315,0.06005,0,0.35255,0.0367,0.21715,0.1052
0000000000000000016a_0,0.2233,0.2956,0,0.3768,0.3534,0.4891,0.3811,0.2235,0.321,0,0.3912,0.3752,0.4675,0.3742
0000000000000000016c_0,0.10405,0.1145,0,0.15625,0.1225,0.17655,0.1674,0.0977,0.1104,0,0.1576,0.1146,0.1848,0.1758
0000000000000000016f_0,0.042,0.0519,0,0.2844,0.0358,0.1461,0.0574,0.02475,0.0423,0,0.31895,0.0251,0.1373,0.05355
00000000000000000170_0,0.0734,0.1103,0,0.0359,0.1077,0.013,0.0116,0.08565,0.1182,0,0.05295,0.11375,0.0225,0.01755
00000000000000000173_0,0.10675,0.1595,0,0.2393,0.18505,0.2225,0.14975,0.1162,0.166,0,0.29025,0.18375,0.2465,0.164
00000000000000000174_0,0.08215,0.08895,0,0.0608,0.0684,0.0666,0.05265,0.06855,0.08265,0,0.06245,0.064,0.0679,0.05335
00000000000000000175_0,0.0759,0.0824,0,0.0559,0.0654,0.0261,0.0189,0.06955,0.0809,0,0.04725,0.0652,0.0462,0.0419
00000000000000000176_0,0.1094,0.1128,0,0.0468,0.0723,0.0258,0.0163,0.0852,0.10305,0,0.03795,0.0613,0.03295,0.02765
00000000000000000177_0,0.0719,0.09445,0,0.2211,0.1045,0.3035,0.2228,0.0449,0.0758,0,0.2684,0.0611,0.2074,0.1208
00000000000000000179_0,0.0542,0.0741,0,0.01985,0.0383,0.0042,0.0047,0.0719,0.0913,0,0.0207,0.06,0.0141,0.0121
0000000000000000017a_0,0.0501,0.0681,0,0.06005,0.0609,0.0655,0.04095,0.1295,0.1777,0,0.2556,0.2226,0.3175,0.21
0000000000000000017b_0,0.0489,0.0786,0,0.2958,0.0854,0.2658,0.1597,0.0434,0.06795,0,0.3345,0.0535,0.2113,0.10875
0000000000000000017c_0,0.09105,0.12115,0,0.32335,0.1328,0.41065,0.3191,0.0503,0.0809,0,0.3192,0.069,0.2645,0.154
0000000000000000017d_0,0.1106,0.1325,0,0.0762,0.118,0.0169,0.0096,0.0917,0.11235,0,0.01455,0.0652,0.00585,0.0039
00000000000000000180_0,0.0615,0.0805,0,0.0124,0.0373,0.0052,0.0065,0.0808,0.1008,0,0.0307,0.0515,0.0268,0.0231
00000000000000000182_0,0.0422,0.0793,0,0.3099,0.06525,0.2515,0.13545,0.0445,0.0882,0,0.3734,0.0548,0.2538,0.1233
00000000000000000184_0,0.0429,0.0669,0,0.1698,0.0605,0.1146,0.0654,0.0433,0.0634,0,0.2047,0.0592,0.1082,0.0631
00000000000000000185_0,0.049,0.0775,0,0.2158,0.094,0.188,0.127,0.0509,0.0724,0,0.3296,0.0639,0.1985,0.1157
00000000000000000188_0,0.111,0.12905,0,0.04795,0.088,0.0296,0.0204,0.1134,0.1388,0,0.0508,0.0891,0.0412,0.0368
00000000000000000189_0,0.0417,0.0601,0,0.307,0.0541,0.1662,0.1018,0.0417,0.0622,0,0.2773,0.0539,0.1682,0.1034
0000000000000000018a_0,0.0817,0.10455,0,0.0338,0.0862,0.01525,0.0113,0.0948,0.1165,0,0.0389,0.08305,0.01805,0.01155
0000000000000000018b_0,0.2243,0.2977,0,0.3642,0.3388,0.4425,0.431,0.189,0.2703,0,0.352,0.3147,0.4333,0.4002
0000000000000000018c_0,0.1044,0.1217,0,0.23535,0.14475,0.29915,0.26965,0.09195,0.11465,0,0.23155,0.13495,0.28625,0.2517
0000000000000000018d_0,0.1193,0.1373,0,0.0404,0.1008,0.0171,0.0125,0.0697,0.0863,0,0.013,0.0436,0.0083,0.0068
00000000000000000190_0,0.07745,0.098,0,0.0224,0.0662,0.01765,0.016,0.07625,0.1025,0,0.0219,0.067,0.01345,0.01155
00000000000000000191_0,0.1238,0.14025,0,0.07965,0.11645,0.0404,0.0283,0.0817,0.0996,0,0.0499,0.0689,0.0376,0.0317
00000000000000000193_0,0.0333,0.0517,0,0.0635,0.0386,0.043,0.034,0.03715,0.05435,0,0.0815,0.0363,0.0459,0.02685
00000000000000000194_0,0.1022,0.121,0,0.0689,0.1008,0.0621,0.0518,0.0881,0.10795,0,0.0631,0.0959,0.05505,0.0476
00000000000000000195_0,0.08055,0.0954,0,0.2935,0.0858,0.24845,0.14895,0.04425,0.0644,0,0.3068,0.0543,0.18675,0.10605
00000000000000000196_0,0.0376,0.0497,0,0.3167,0.0376,0.1478,0.0629,0.0226,0.0376,0,0.3289,0.0238,0.1219,0.0506
00000000000000000198_0,0.0716,0.1035,0,0.24815,0.1261,0.2726,0.2219,0.06325,0.1024,0,0.3015,0.1256,0.27225,0.2073
00000000000000000199_0,0.0529,0.0774,0,0.1516,0.0743,0.0866,0.0535,0.068,0.0963,0,0.12275,0.08085,0.06765,0.0496
0000000000000000019b_0,0.0552,0.07285,0,0.2347,0.06205,0.13885,0.07835,0.06465,0.0822,0,0.23495,0.0713,0.15125,0.0909
0000000000000000019d_0,0.05995,0.0725,0,0.17595,0.07685,0.1567,0.09925,0.0504,0.06165,0,0.1478,0.0588,0.10945,0.05885
0000000000000000019e_0,0.10375,0.11675,0,0.1884,0.12195,0.21365,0.19325,0.11875,0.12945,0,0.2224,0.1196,0.2412,0.21555
000000000000000001a3_0,0.02575,0.05515,0,0.34055,0.0295,0.1724,0.07745,0.0367,0.0673,0,0.3897,0.0329,0.1792,0.0788
000000000000000001a6_0,0.0434,0.0728,0,0.1623,0.0466,0.0997,0.0508,0.0543,0.0887,0,0.1403,0.0631,0.0872,0.045
000000000000000001a9_0,0.0171,0.0385,0,0.307,0.0392,0.1712,0.0895,0.03155,0.04885,0,0.3352,0.0316,0.153,0.0702
000000000000000001aa_0,0.0401,0.06175,0,0.36735,0.03745,0.1413,0.05955,0.0457,0.0659,0,0.3705,0.0379,0.1433,0.0593
000000000000000001ae_0,0.06895,0.09085,0,0.01685,0.0515,0.0107,0.00935,0.0721,0.0906,0,0.0234,0.0515,0.0103,0.0088
000000000000000001b0_0,0.08575,0.1273,0,0.16785,0.1327,0.1443,0.08465,0.0819,0.1161,0,0.1667,0.1208,0.1095,0.0585
000000000000000001b1_0,0.0502,0.0644,0,0.1353,0.0551,0.1209,0.07,0.0403,0.0563,0,0.13905,0.0539,0.0925,0.05455
000000000000000001b4_0,0.11125,0.1316,0,0.23505,0.16075,0.3388,0.25615,0.1503,0.1783,0,0.2564,0.1987,0.3145,0.2482
000000000000000001b5_0,0.0717,0.1067,0,0.0307,0.0858,0.0204,0.0152,0.0716,0.1135,0,0.0387,0.0811,0.017,0.0124
000000000000000001b8_0,0.0654,0.0858,0,0.3357,0.1172,0.2365,0.1534,0.0515,0.0816,0,0.3955,0.0844,0.2328,0.1417
000000000000000001ba_0,0.0601,0.0896,0,0.2427,0.0953,0.1877,0.1318,0.05215,0.08125,0,0.29375,0.06945,0.21155,0.1282
000000000000000001bb_0,0.06695,0.1007,0,0.0419,0.10575,0.0077,0.00665,0.0834,0.1195,0,0.0347,0.1093,0.0148,0.0106
000000000000000001bc_0,0.1357,0.16165,0,0.2278,0.17865,0.2322,0.2195,0.1257,0.1536,0,0.2581,0.1845,0.2601,0.2473
000000000000000001bd_0,0.1059,0.1379,0,0.3143,0.1407,0.3251,0.284,0.0838,0.12525,0,0.32975,0.12285,0.2768,0.20405
000000000000000001bf_0,0.0846,0.095,0,0.0869,0.0796,0.0824,0.0615,0.0539,0.0687,0,0.0753,0.048,0.0506,0.0349
0000000000000000007c_0,0.0222,0.0388,0,0.2729,0.0261,0.1721,0.0791,0.0247,0.0443,0,0.3522,0.0259,0.1658,0.0723
0000000000000000011f_0,0.0222,0.0557,0,0.0169,0.0287,0.0159,0.0136,0.0346,0.0484,0,0.0226,0.0333,0.0191,0.0183
00000000000000000161_0,0.0314,0.0504,0,0.2719,0.03515,0.13565,0.06375,0.039,0.0582,0,0.31885,0.03645,0.1446,0.0681
000000000000000000bc_0,0.0358,0.0489,0,0.2065,0.0373,0.1505,0.0928,0.0237,0.0441,0,0.243,0.0268,0.1198,0.0603
00000000000000000068_0,0.0364,0.057,0,0.1775,0.0409,0.1449,0.08,0.0385,0.0589,0,0.2779,0.0406,0.1617,0.0812
0000000000000000014c_0,0.0364,0.05585,0,0.21235,0.04425,0.1662,0.09495,0.0422,0.0608,0,0.3318,0.0373,0.1582,0.0722
000000000000000000be_0,0.0372,0.0556,0,0.26505,0.0395,0.14415,0.07705,0.0414,0.06125,0,0.26735,0.03955,0.11585,0.05915
00000000000000000012_0,0.0389,0.0638,0,0.077,0.0423,0.0379,0.0218,0.0654,0.09015,0,0.0965,0.06775,0.0435,0.0222
00000000000000000151_0,0.0389,0.0533,0,0.01915,0.031,0.01725,0.0131,0.0546,0.0724,0,0.0183,0.042,0.0127,0.0117
00000000000000000121_0,0.041,0.05875,0,0.2848,0.0474,0.16995,0.08315,0.0246,0.04075,0,0.3398,0.02445,0.13575,0.0571
0000000000000000011d_0,0.0435,0.0707,0,0.0135,0.0477,0.0102,0.0081,0.0634,0.0882,0,0.0287,0.059,0.0247,0.0223
000000000000000001b6_0,0.0435,0.0572,0,0.3387,0.0364,0.1617,0.0682,0.0294,0.044,0,0.2885,0.03,0.1368,0.0626
0000000000000000000b_0,0.0464,0.0602,0,0.2705,0.0483,0.1939,0.0996,0.0301,0.0574,0,0.3821,0.0343,0.1879,0.0866
00000000000000000110_0,0.0478,0.0716,0,0.3009,0.05355,0.193,0.1015,0.0296,0.0525,0,0.2691,0.0353,0.1628,0.0766
0000000000000000006d_0,0.0482,0.06025,0,0.0428,0.0476,0.03445,0.0266,0.0348,0.0409,0,0.03075,0.0293,0.0212,0.01375
0000000000000000014a_0,0.0482,0.0839,0,0.3058,0.0687,0.1787,0.1032,0.0551,0.08775,0,0.4076,0.0695,0.2055,0.1121
00000000000000000113_0,0.0487,0.06855,0,0.1139,0.061,0.10755,0.07055,0.0472,0.0664,0,0.1385,0.0519,0.0887,0.0536
00000000000000000118_0,0.0487,0.07745,0,0.1463,0.0667,0.104,0.0601,0.04935,0.079,0,0.22195,0.0518,0.1045,0.04615
0000000000000000015a_0,0.0487,0.0687,0,0.3215,0.0447,0.1864,0.0969,0.0378,0.0587,0,0.3391,0.0376,0.2041,0.0996
000000000000000000cb_0,0.0496,0.0851,0,0.0228,0.0541,0.013,0.0096,0.07525,0.1057,0,0.0275,0.07585,0.01625,0.01225
000000000000000000fa_0,0.0496,0.076,0,0.0177,0.0504,0.012,0.0082,0.05855,0.084,0,0.0179,0.05725,0.00965,0.00845
0000000000000000009d_0,0.0505,0.082,0,0.2655,0.0571,0.1509,0.0857,0.04115,0.0726,0,0.2735,0.04765,0.12855,0.07365
0000000000000000018f_0,0.0505,0.0707,0,0.1111,0.0589,0.1027,0.0695,0.048,0.0737,0,0.0955,0.0468,0.0696,0.0402
000000000000000000c4_0,0.0535,0.0692,0,0.0157,0.029,0.0057,0.0043,0.062,0.0777,0,0.01655,0.0371,0.0088,0.008
000000000000000001a0_0,0.0544,0.0877,0,0.0156,0.0613,0.0065,0.0051,0.0642,0.0866,0,0.0237,0.0642,0.0164,0.0106
0000000000000000007d_0,0.0545,0.0663,0,0.0197,0.044,0.0116,0.0059,0.0591,0.0693,0,0.02065,0.0485,0.0126,0.00915
000000000000000001af_0,0.0546,0.0692,0,0.0402,0.0477,0.0127,0.0068,0.0651,0.0693,0,0.034,0.0502,0.0319,0.0298
00000000000000000031_0,0.0576,0.0752,0,0.206,0.0812,0.2277,0.1634,0.0636,0.0875,0,0.2701,0.0828,0.253,0.1694
00000000000000000000_0,0.0582,0.07585,0,0.32885,0.05575,0.188,0.0979,0.0244,0.04825,0,0.34655,0.0325,0.1713,0.0784
00000000000000000079_0,0.05955,0.09305,0,0.28395,0.0973,0.20695,0.1266,0.0715,0.10135,0,0.3395,0.10185,0.2119,0.13205
000000000000000000c3_0,0.0606,0.078,0,0.2794,0.0706,0.2024,0.1375,0.04095,0.06475,0,0.34505,0.0497,0.20315,0.1231
0000000000000000014f_0,0.0606,0.0865,0,0.2698,0.097,0.2241,0.147,0.04075,0.07105,0,0.3954,0.0702,0.2341,0.1471
000000000000000001a8_0,0.0624,0.0827,0,0.0121,0.0471,0.0094,0.0069,0.0839,0.1062,0,0.01905,0.0828,0.00825,0.007
000000000000000000a0_0,0.0628,0.0923,0,0.2254,0.10205,0.2717,0.19405,0.1149,0.1579,0,0.3355,0.1856,0.2779,0.2127
00000000000000000166_0,0.0628,0.0857,0,0.0228,0.0455,0.0278,0.019,0.0906,0.1153,0,0.0321,0.0787,0.0369,0.0346
00000000000000000065_0,0.0645,0.1023,0,0.1547,0.1037,0.1566,0.1305,0.0579,0.08615,0,0.17575,0.06445,0.111,0.07245
0000000000000000012f_0,0.06455,0.0816,0,0.23375,0.0667,0.20455,0.13105,0.0505,0.0687,0,0.327,0.0536,0.2251,0.1342
00000000000000000061_0,0.066,0.095,0,0.3087,0.0733,0.2482,0.1483,0.0515,0.06605,0,0.15995,0.06725,0.1527,0.0953
00000000000000000171_0,0.066,0.0839,0,0.3297,0.0628,0.2004,0.10065,0.0293,0.0443,0,0.3018,0.0314,0.1352,0.0618
0000000000000000009f_0,0.0667,0.09715,0,0.1341,0.10515,0.1019,0.05955,0.0746,0.1006,0,0.0931,0.0997,0.0505,0.0357
00000000000000000138_0,0.0667,0.1027,0,0.30485,0.1012,0.2441,0.1586,0.0641,0.1102,0,0.3748,0.093,0.2814,0.1697
000000000000000000a8_0,0.0677,0.0875,0,0.1432,0.07965,0.1304,0.0802,0.0376,0.0645,0,0.0802,0.0377,0.0713,0.0398
000000000000000000f0_0,0.0677,0.0965,0,0.1091,0.0763,0.0658,0.0454,0.081,0.1079,0,0.116,0.0955,0.0614,0.0425
0000000000000000006c_0,0.06935,0.0986,0,0.36385,0.08255,0.24895,0.15235,0.05,0.0898,0,0.4069,0.0561,0.2278,0.1233
0000000000000000000f_0,0.0698,0.0844,0,0.02075,0.05845,0.01485,0.00905,0.0599,0.0716,0,0.0147,0.0398,0.01,0.0073
000000000000000000e8_0,0.0698,0.0986,0,0.2105,0.1053,0.202,0.1475,0.0779,0.10565,0,0.2542,0.10365,0.1982,0.1267
000000000000000001a5_0,0.0698,0.0943,0,0.0401,0.0709,0.0521,0.0354,0.0774,0.1018,0,0.0499,0.0761,0.0477,0.0413
00000000000000000076_0,0.0703,0.09945,0,0.02865,0.0775,0.0207,0.01525,0.08,0.1105,0,0.0333,0.0906,0.0179,0.0129
0000000000000000012d_0,0.0703,0.0903,0,0.01265,0.0683,0.0083,0.0069,0.04895,0.07725,0,0.01075,0.054,0.01065,0.0092
00000000000000000006_0,0.0705,0.0817,0,0.01655,0.03765,0.0114,0.00765,0.0748,0.0867,0,0.00975,0.03455,0.0089,0.0066
00000000000000000094_0,0.0705,0.08345,0,0.2651,0.0737,0.2621,0.1511,0.045,0.0813,0,0.3376,0.0605,0.2315,0.1185
00000000000000000186_0,0.0714,0.0948,0,0.1533,0.0754,0.1598,0.1161,0.07315,0.087,0,0.25075,0.07495,0.1834,0.11435
000000000000000000bb_0,0.0725,0.0763,0,0.0948,0.0747,0.1263,0.1075,0.06155,0.0645,0,0.0848,0.07265,0.11215,0.111
000000000000000000c9_0,0.0725,0.0971,0,0.005,0.042,0.007,0.0073,0.1184,0.14475,0,0.04115,0.1154,0.0193,0.01825
0000000000000000011a_0,0.07385,0.10945,0,0.04695,0.1166,0.0097,0.008,0.0812,0.1218,0,0.0403,0.1224,0.0144,0.0109
00000000000000000105_0,0.0747,0.0885,0,0.2154,0.08795,0.1942,0.1596,0.0753,0.0959,0,0.2364,0.082,0.2011,0.1588
000000000000000000af_0,0.0757,0.1068,0,0.0681,0.084,0.06525,0.04305,0.0653,0.0899,0,0.0902,0.0679,0.0682,0.042
000000000000000000c8_0,0.0757,0.1108,0,0.1394,0.1231,0.0744,0.051,0.09,0.12885,0,0.0838,0.14395,0.0167,0.01245
000000000000000001b7_0,0.0757,0.1131,0,0.1033,0.0876,0.0764,0.0713,0.04915,0.07805,0,0.05625,0.06195,0.0566,0.046
00000000000000000106_0,0.07575,0.09505,0,0.17995,0.0933,0.1379,0.1035,0.0782,0.1044,0,0.2301,0.1052,0.1837,0.1316
000000000000000000bf_0,0.0761,0.0986,0,0.2267,0.0868,0.1831,0.1238,0.0651,0.0938,0,0.2593,0.089,0.188,0.1302
00000000000000000172_0,0.0761,0.0836,0,0.0289,0.0544,0.026,0.0232,0.0705,0.0785,0,0.0175,0.0423,0.0173,0.0152
00000000000000000164_0,0.0765,0.1127,0,0.0444,0.1131,0.0066,0.0048,0.0986,0.1372,0,0.07835,0.1579,0.0124,0.00995
0000000000000000017f_0,0.0765,0.1047,0,0.26505,0.11455,0.2935,0.22855,0.0645,0.105,0,0.309,0.1076,0.2097,0.1278
000000000000000000df_0,0.0769,0.1034,0,0.3037,0.0993,0.2801,0.1922,0.06235,0.09415,0,0.3488,0.08625,0.2731,0.1772
00000000000000000178_0,0.0769,0.096,0,0.03625,0.07805,0.01545,0.0109,0.0835,0.1089,0,0.0473,0.1008,0.0175,0.0135
000000000000000001a1_0,0.0769,0.0989,0,0.23805,0.1188,0.352,0.2523,0.0619,0.0916,0,0.3675,0.0672,0.2704,0.1492
000000000000000001ad_0,0.0773,0.0959,0,0.2496,0.0856,0.168,0.1076,0.0687,0.0858,0,0.25985,0.07105,0.16495,0.1099
000000000000000000c5_0,0.0774,0.0888,0,0.0539,0.0657,0.0449,0.0404,0.0714,0.0879,0,0.032,0.05235,0.0299,0.02845
000000000000000000d6_0,0.0781,0.10485,0,0.03995,0.0892,0.0315,0.02765,0.0952,0.1094,0,0.0493,0.0937,0.0394,0.0331
0000000000000000006f_0,0.0787,0.0927,0,0.28815,0.0931,0.25365,0.14635,0.0466,0.0713,0,0.2904,0.0656,0.15525,0.0817
0000000000000000003b_0,0.079,0.0967,0,0.147,0.0992,0.1358,0.096,0.0591,0.0835,0,0.1523,0.0741,0.1099,0.0714
000000000000000000f1_0,0.079,0.0959,0,0.1862,0.0989,0.1873,0.1327,0.0813,0.1033,0,0.2364,0.1035,0.1906,0.1268
00000000000000000162_0,0.079,0.108,0,0.0355,0.1043,0.0154,0.013,0.0827,0.1102,0,0.0294,0.0806,0.01625,0.01245
0000000000000000019f_0,0.0791,0.1043,0,0.20455,0.1113,0.19575,0.16095,0.0895,0.117,0,0.3073,0.12,0.2526,0.2164
00000000000000000165_0,0.0804,0.1002,0,0.0467,0.0725,0.0403,0.025,0.087,0.123,0,0.0523,0.0933,0.015,0.0105
00000000000000000181_0,0.0804,0.1106,0,0.0293,0.0739,0.012,0.0092,0.08575,0.1172,0,0.02625,0.0862,0.01205,0.00945
000000000000000001a7_0,0.0806,0.1051,0,0.0561,0.0886,0.0389,0.0272,0.0898,0.1111,0,0.0332,0.0785,0.021,0.0199
0000000000000000007f_0,0.08515,0.10225,0,0.0362,0.05755,0.0179,0.01185,0.08595,0.0954,0,0.02315,0.05275,0.0244,0.02075
00000000000000000197_0,0.08515,0.11205,0,0.15775,0.1098,0.1342,0.0825,0.0917,0.1247,0,0.0803,0.1128,0.0349,0.0217
0000000000000000015d_0,0.0901,0.107,0,0.1375,0.0928,0.0805,0.0747,0.0526,0.0647,0,0.0639,0.0396,0.0303,0.021
00000000000000000002_0,0.0943,0.11915,0,0.2278,0.11395,0.1884,0.14475,0.0671,0.0936,0,0.2573,0.0755,0.1685,0.1242
0000000000000000004f_0,0.0943,0.1238,0,0.1714,0.1416,0.2117,0.1851,0.0938,0.12685,0,0.1833,0.1504,0.20325,0.1887
0000000000000000009c_0,0.0955,0.1117,0,0.1944,0.1303,0.2125,0.2204,0.0872,0.1077,0,0.2114,0.1214,0.2216,0.2178
000000000000000000a3_0,0.0955,0.10555,0,0.27545,0.0954,0.18135,0.1215,0.0796,0.0867,0,0.2727,0.081,0.1636,0.1153
00000000000000000100_0,0.0959,0.10335,0,0.069,0.0796,0.058,0.04755,0.0672,0.0894,0,0.0218,0.0525,0.0141,0.0118
0000000000000000019a_0,0.0959,0.106,0,0.048,0.0707,0.0327,0.02335,0.08275,0.09785,0,0.0174,0.05535,0.0146,0.0117
00000000000000000158_0,0.0966,0.1307,0,0.2714,0.1428,0.2775,0.2166,0.0882,0.1152,0,0.3104,0.12,0.2476,0.1957
00000000000000000187_0,0.0966,0.1229,0,0.2187,0.1421,0.2089,0.1857,0.1094,0.1322,0,0.2366,0.1345,0.2024,0.1629
00000000000000000010_0,0.1009,0.1281,0,0.1806,0.1336,0.0965,0.0525,0.0993,0.1248,0,0.0644,0.1113,0.0359,0.0267
000000000000000000c7_0,0.1009,0.1186,0,0.111,0.1148,0.042,0.0241,0.08665,0.09845,0,0.03905,0.0709,0.01555,0.0131
00000000000000000104_0,0.1075,0.1238,0,0.08275,0.1061,0.07915,0.0697,0.08505,0.10565,0,0.0799,0.0891,0.07505,0.0687
0000000000000000018e_0,0.1075,0.1223,0,0.0818,0.0966,0.0852,0.0755,0.0701,0.0913,0,0.0234,0.0596,0.015,0.0134
00000000000000000077_0,0.1206,0.138,0,0.1637,0.1318,0.1202,0.0951,0.1097,0.1239,0,0.1423,0.1164,0.1061,0.086
0000000000000000007b_0,0.1206,0.1289,0,0.0947,0.114,0.0653,0.0532,0.1131,0.1373,0,0.0921,0.1197,0.0899,0.08115
000000000000000001ab_0,0.1208,0.1374,0,0.1514,0.1448,0.1774,0.1626,0.1275,0.1427,0,0.1626,0.1477,0.1818,0.1616
00000000000000000016_0,0.149,0.1881,0,0.2351,0.2068,0.2528,0.1965,0.14395,0.17,0,0.2466,0.18135,0.26665,0.1968
00000000000000000101_0,0.149,0.1629,0,0.1612,0.1564,0.12,0.1003,0.0854,0.1028,0,0.1198,0.0889,0.0839,0.0623
00000000000000000023_0,0.0302,0.0547,1,0.1483,0.0408,0.0504,0.022,0.0453,0.0652,1,0.1914,0.0472,0.0637,0.0279
0000000000000000003d_0,0.0491,0.077,1,0.1899,0.0638,0.0953,0.048,0.05565,0.0716,1,0.05285,0.05785,0.0657,0.04885
000000000000000000ef_0,0.0867,0.11885,1,0.21715,0.1275,0.2077,0.15505,0.0904,0.1226,1,0.2415,0.1249,0.2101,0.1484
0000000000000000010c_0,0.03145,0.0517,1,0.31775,0.0286,0.09065,0.0402,0.0193,0.0449,1,0.3084,0.0236,0.0937,0.0404
0000000000000000016d_0,0.0892,0.1213,1,0.1656,0.1374,0.1734,0.1339,0.12125,0.1465,1,0.19105,0.14555,0.14755,0.1102
000000000000000001c0_0,0.0215,0.0493,1,0.268,0.0368,0.0769,0.033,0.0354,0.056,1,0.2804,0.0358,0.0994,0.0438
000000000000000001c1_0,0.05535,0.0666,1,0.2068,0.04565,0.07915,0.03575,0.02335,0.0407,1,0.21965,0.02575,0.08995,0.0427
000000000000000001c2_0,0.0752,0.1039,1,0.0769,0.1018,0.0707,0.0401,0.089,0.1115,1,0.1037,0.1114,0.0702,0.0378
000000000000000001c3_0,0.08225,0.1112,1,0.1654,0.11725,0.1436,0.10635,0.0759,0.1059,1,0.10575,0.1006,0.0926,0.06705
000000000000000001c6_0,0.0423,0.0734,1,0.1588,0.0596,0.1023,0.0561,0.0589,0.0872,1,0.21865,0.0667,0.1064,0.06445
000000000000000001c8_0,0.0832,0.0938,1,0.139,0.0671,0.0486,0.0231,0.0511,0.0683,1,0.1163,0.0461,0.0487,0.0326
000000000000000001c9_0,0.0795,0.1183,1,0.1336,0.1268,0.059,0.0322,0.094,0.13015,1,0.1187,0.14525,0.04575,0.03335
000000000000000001ca_0,0.0788,0.0934,1,0.1611,0.0822,0.0973,0.0578,0.0395,0.0639,1,0.221,0.042,0.0932,0.0436
000000000000000001cc_0,0.0591,0.0779,1,0.1581,0.0709,0.1151,0.0866,0.05745,0.07415,1,0.2603,0.0624,0.131,0.06985
000000000000000001cd_0,0.0472,0.0668,1,0.2669,0.0469,0.0903,0.0366,0.0361,0.0636,1,0.3047,0.0359,0.0925,0.0353
000000000000000001ce_0,0.0406,0.0586,1,0.2336,0.0398,0.0919,0.0365,0.03795,0.05895,1,0.26115,0.03565,0.105,0.04495
000000000000000001cf_0,0.08365,0.1127,1,0.1509,0.1148,0.1432,0.0993,0.064,0.0869,1,0.2106,0.0882,0.1501,0.0966
000000000000000001d0_0,0.0312,0.0492,1,0.1613,0.0338,0.0945,0.0503,0.0564,0.0747,1,0.22,0.0494,0.09955,0.052
000000000000000001d2_0,0.0324,0.0565,1,0.3635,0.0343,0.1527,0.0735,0.0218,0.0532,1,0.4504,0.0211,0.1645,0.0735
000000000000000001d3_0,0.0309,0.0501,1,0.4159,0.0248,0.1296,0.05205,0.02355,0.04855,1,0.4338,0.02035,0.12735,0.05
000000000000000001d4_0,0.0514,0.0667,1,0.152,0.047,0.0457,0.0186,0.0682,0.08615,1,0.17685,0.0654,0.07105,0.03495
000000000000000001d5_0,0.0262,0.04565,1,0.29235,0.02675,0.0803,0.0337,0.03595,0.05985,1,0.2864,0.0344,0.101,0.03885
000000000000000001d6_0,0.0462,0.0766,1,0.1488,0.0564,0.0545,0.0311,0.05895,0.0764,1,0.1504,0.0531,0.0458,0.02205
000000000000000001d7_0,0.0813,0.1041,1,0.1286,0.09045,0.05725,0.03065,0.0708,0.0985,1,0.0757,0.0798,0.0297,0.0161
000000000000000001d9_0,0.0604,0.09065,1,0.13365,0.07265,0.08085,0.04885,0.0676,0.0932,1,0.0708,0.08235,0.03995,0.02915
000000000000000001da_0,0.0361,0.072,1,0.3781,0.0535,0.2122,0.1049,0.0458,0.07475,1,0.35975,0.04195,0.19385,0.09295
000000000000000001db_0,0.05305,0.06135,1,0.25445,0.0425,0.06055,0.02485,0.0229,0.0363,1,0.2831,0.0214,0.0604,0.0261
000000000000000001de_0,0.05355,0.0715,1,0.3454,0.0452,0.10655,0.0411,0.03095,0.0563,1,0.33115,0.03085,0.08845,0.03155
000000000000000001e4_0,0.0823,0.0923,1,0.2341,0.0828,0.1452,0.1262,0.0831,0.111,1,0.2571,0.1073,0.1796,0.1386
000000000000000001e5_0,0.0932,0.1264,1,0.30295,0.13125,0.29885,0.18935,0.0694,0.11,1,0.3436,0.0971,0.2653,0.1562
000000000000000001e8_0,0.0332,0.0518,1,0.2656,0.0319,0.1023,0.0434,0.03035,0.04395,1,0.2688,0.0257,0.09155,0.0387
000000000000000001e9_0,0.071,0.1043,1,0.1559,0.1127,0.153,0.1255,0.07225,0.10235,1,0.2399,0.09455,0.16665,0.1054
000000000000000001ea_0,0.0261,0.0595,1,0.2207,0.0413,0.1497,0.0795,0.0395,0.0742,1,0.3986,0.0348,0.1443,0.0695
000000000000000001ec_0,0.0526,0.08,1,0.2006,0.0632,0.169,0.0946,0.0675,0.0895,1,0.1955,0.0738,0.1315,0.0755
000000000000000001ef_0,0.0264,0.0541,1,0.3082,0.0366,0.0863,0.0335,0.0434,0.0669,1,0.337,0.0407,0.0996,0.0416
000000000000000001f2_0,0.033,0.0501,1,0.296,0.0302,0.083,0.0316,0.0224,0.0486,1,0.3212,0.0216,0.0918,0.0353
000000000000000001f3_0,0.0688,0.0939,1,0.0778,0.0728,0.027,0.0147,0.0678,0.0944,1,0.08595,0.0791,0.039,0.02085
000000000000000001f4_0,0.0639,0.0798,1,0.156,0.0849,0.1601,0.1141,0.0683,0.0989,1,0.2396,0.0869,0.1571,0.1015
000000000000000001f6_0,0.08115,0.107,1,0.19195,0.1105,0.11255,0.0583,0.0602,0.0866,1,0.0765,0.06,0.03875,0.0184
000000000000000001f7_0,0.06885,0.0854,1,0.0318,0.06575,0.01825,0.01275,0.0554,0.0769,1,0.01175,0.047,0.0071,0.00625
000000000000000001f8_0,0.08235,0.1174,1,0.0432,0.1131,0.02985,0.01885,0.0749,0.1008,1,0.193,0.0938,0.1068,0.0667
000000000000000001f9_0,0.05275,0.06765,1,0.2382,0.04605,0.0839,0.03635,0.0127,0.0376,1,0.2592,0.0161,0.0615,0.0237
000000000000000001fa_0,0.0458,0.0674,1,0.2119,0.0594,0.1286,0.0759,0.0541,0.07055,1,0.2247,0.0512,0.1124,0.06095
000000000000000001fb_0,0.068,0.0825,1,0.179,0.0534,0.0526,0.0203,0.0445,0.0613,1,0.2032,0.0394,0.0675,0.0303
000000000000000001fc_0,0.0374,0.0624,1,0.2211,0.0489,0.1252,0.0771,0.0347,0.0636,1,0.2976,0.0409,0.1331,0.0742
000000000000000001fe_0,0.0611,0.09,1,0.159,0.093,0.0752,0.0441,0.0545,0.0822,1,0.11,0.0795,0.0439,0.0211
000000000000000001ff_0,0.08325,0.11115,1,0.09725,0.0896,0.05685,0.03925,0.05825,0.08555,1,0.08495,0.0606,0.03075,0.01745
00000000000000000201_0,0.0465,0.0655,1,0.0142,0.0376,0.006,0.0049,0.07305,0.09145,1,0.03155,0.0544,0.0176,0.01435
00000000000000000202_0,0.04935,0.06595,1,0.2298,0.03955,0.0753,0.03445,0.0267,0.0437,1,0.2514,0.0253,0.08425,0.03945
00000000000000000203_0,0.014,0.0455,1,0.2949,0.0201,0.0742,0.0302,0.0318,0.0547,1,0.2917,0.0306,0.0858,0.0348
00000000000000000204_0,0.06635,0.08415,1,0.2075,0.0745,0.11845,0.06205,0.05255,0.0786,1,0.1928,0.0638,0.0849,0.0421
00000000000000000205_0,0.02755,0.04705,1,0.2423,0.03235,0.08465,0.0393,0.0369,0.0516,1,0.2743,0.0319,0.0724,0.0331
00000000000000000209_0,0.05405,0.06995,1,0.3212,0.0459,0.0957,0.03875,0.032,0.0523,1,0.297,0.0289,0.0757,0.0308
0000000000000000020a_0,0.0848,0.0999,1,0.0895,0.0685,0.0412,0.0463,0.07325,0.09755,1,0.13975,0.07875,0.0711,0.0398
0000000000000000020b_0,0.0568,0.0701,1,0.277,0.0529,0.1055,0.0494,0.0327,0.0499,1,0.3386,0.0323,0.0902,0.0356
0000000000000000020c_0,0.12675,0.1805,1,0.33825,0.2141,0.3283,0.28155,0.10845,0.15155,1,0.31465,0.1716,0.2431,0.1943
0000000000000000020d_0,0.0539,0.0813,1,0.1143,0.0669,0.08475,0.06085,0.062,0.0879,1,0.1929,0.0691,0.126,0.0931
0000000000000000020f_0,0.0301,0.0661,1,0.2078,0.0472,0.0484,0.0195,0.052,0.077,1,0.172,0.059,0.0434,0.0178
00000000000000000214_0,0.0994,0.1175,1,0.0643,0.0868,0.0331,0.0257,0.0579,0.08365,1,0.03195,0.05585,0.0181,0.0129
00000000000000000215_0,0.10535,0.1318,1,0.291,0.1253,0.22165,0.15755,0.1013,0.1313,1,0.2821,0.1284,0.2153,0.1512
00000000000000000217_0,0.0295,0.0491,1,0.2634,0.0308,0.094,0.0405,0.0319,0.0459,1,0.2871,0.0276,0.0924,0.04
00000000000000000218_0,0.0318,0.0567,1,0.32,0.0365,0.1001,0.0432,0.03585,0.06195,1,0.35315,0.0345,0.11475,0.04475
00000000000000000219_0,0.0258,0.0448,1,0.1951,0.05025,0.13625,0.08785,0.0354,0.0506,1,0.2342,0.0492,0.1574,0.0954
000000000000000001ee_0,0.0265,0.0582,1,0.1559,0.0348,0.0551,0.0271,0.0444,0.0622,1,0.184,0.0427,0.0629,0.0296
000000000000000001eb_0,0.0314,0.0568,1,0.1841,0.0474,0.0864,0.0441,0.0507,0.0742,1,0.205,0.0575,0.0909,0.0469
000000000000000000d9_0,0.0352,0.057,1,0.1267,0.0395,0.0438,0.0211,0.0463,0.0673,1,0.1462,0.046,0.0459,0.0275
00000000000000000200_0,0.0352,0.058,1,0.195,0.0407,0.05205,0.02225,0.0465,0.0707,1,0.19625,0.05135,0.0607,0.02355
000000000000000001c5_0,0.0372,0.0507,1,0.2161,0.031,0.0646,0.0326,0.0263,0.0401,1,0.2189,0.0255,0.0756,0.0399
000000000000000001c4_0,0.0389,0.0557,1,0.3471,0.03395,0.09375,0.0356,0.0195,0.046,1,0.3671,0.0236,0.0943,0.036
000000000000000000ea_0,0.041,0.0638,1,0.4037,0.041,0.167,0.0774,0.0416,0.0674,1,0.4745,0.0432,0.1905,0.0868
000000000000000001e3_0,0.0523,0.07185,1,0.43655,0.04195,0.12705,0.0432,0.0267,0.0564,1,0.44365,0.0233,0.109,0.0352
000000000000000001f1_0,0.0523,0.08185,1,0.2387,0.0715,0.1076,0.0615,0.0573,0.08215,1,0.27875,0.0617,0.12605,0.06485
00000000000000000143_0,0.05295,0.08095,1,0.14845,0.08355,0.1571,0.10345,0.05075,0.08585,1,0.2869,0.0592,0.1477,0.0848
00000000000000000211_0,0.05295,0.072,1,0.2431,0.05405,0.098,0.04575,0.0249,0.0477,1,0.2323,0.0263,0.0679,0.0254
000000000000000001e7_0,0.053,0.06705,1,0.2009,0.05285,0.07535,0.0321,0.05195,0.0684,1,0.23685,0.0526,0.0968,0.0393
000000000000000001f0_0,0.053,0.06795,1,0.16425,0.0615,0.07015,0.03775,0.0465,0.0662,1,0.1597,0.0587,0.0603,0.0443
000000000000000001dd_0,0.0544,0.0726,1,0.2246,0.0569,0.1033,0.0511,0.02725,0.05165,1,0.2607,0.02905,0.07665,0.0327
000000000000000001d8_0,0.0545,0.0709,1,0.2738,0.0514,0.0997,0.043,0.02505,0.04765,1,0.30685,0.02515,0.07925,0.02935
000000000000000001dc_0,0.0546,0.06575,1,0.23595,0.04745,0.08165,0.0365,0.0255,0.0509,1,0.282,0.0312,0.076,0.0306
000000000000000000dd_0,0.0576,0.0763,1,0.113,0.0647,0.0553,0.0324,0.0524,0.0638,1,0.1521,0.0531,0.0909,0.0499
000000000000000001df_0,0.05955,0.07505,1,0.2121,0.0564,0.1118,0.0509,0.0455,0.0727,1,0.2633,0.0453,0.1273,0.0539
000000000000000001c7_0,0.0624,0.091,1,0.0448,0.0661,0.0129,0.0068,0.0637,0.0905,1,0.0455,0.07735,0.0149,0.011
0000000000000000020e_0,0.0689,0.0807,1,0.205,0.0712,0.1005,0.0627,0.044,0.05945,1,0.2201,0.0507,0.093,0.0517
000000000000000001cb_0,0.06935,0.08435,1,0.2283,0.0662,0.0871,0.0402,0.0357,0.0585,1,0.2486,0.0357,0.0779,0.0314
000000000000000001ed_0,0.0705,0.0958,1,0.08,0.0665,0.0214,0.0097,0.0575,0.0772,1,0.0862,0.0544,0.0227,0.0106
000000000000000001e0_0,0.0714,0.0999,1,0.0781,0.0654,0.0376,0.0185,0.0655,0.0924,1,0.0846,0.0648,0.0314,0.0236
00000000000000000028_0,0.0747,0.0899,1,0.1675,0.0908,0.1128,0.0818,0.0511,0.0708,1,0.0999,0.0484,0.0426,0.0227
00000000000000000207_0,0.0753,0.09745,1,0.2291,0.0834,0.10085,0.04325,0.0532,0.074,1,0.2064,0.0609,0.0595,0.0222
00000000000000000216_0,0.0753,0.0854,1,0.2759,0.0668,0.0967,0.0479,0.03805,0.06215,1,0.26935,0.0352,0.07805,0.03185
000000000000000001f5_0,0.07575,0.0932,1,0.11025,0.0792,0.08365,0.05805,0.0588,0.08045,1,0.0824,0.06255,0.05335,0.03875
00000000000000000210_0,0.0761,0.0991,1,0.1886,0.0755,0.0917,0.0534,0.04465,0.0679,1,0.2086,0.056,0.10235,0.06605
000000000000000001e2_0,0.0773,0.10965,1,0.30945,0.12475,0.2842,0.206,0.0702,0.1025,1,0.33375,0.1178,0.2861,0.20385
00000000000000000206_0,0.0774,0.1035,1,0.1279,0.1052,0.1274,0.0857,0.0919,0.1153,1,0.1134,0.1172,0.1082,0.0849
000000000000000001e1_0,0.0781,0.0913,1,0.2219,0.0754,0.1189,0.0626,0.0333,0.0571,1,0.1759,0.0324,0.053,0.0233
000000000000000000e4_0,0.0787,0.0878,1,0.1295,0.0657,0.0576,0.0315,0.0382,0.0591,1,0.1612,0.0383,0.043,0.0205
000000000000000000f6_0,0.0603,0.0764,0,0.0146,0.0366,0.0068,0.0056,0.0744,0.0898,0,0.04235,0.06015,0.02375,0.0189
000000000000000000d1_0,0.0582,0.0797,0,0.0162,0.0345,0.0095,0.0102,0.0679,0.0884,0,0.0222,0.04815,0.0145,0.01305
00000000000000000155_0,0.06965,0.09025,0,0.01775,0.05605,0.0129,0.00985,0.0609,0.0802,0,0.0116,0.0491,0.0079,0.0067
000000000000000001b2_0,0.0624,0.0839,0,0.0163,0.0508,0.0104,0.0096,0.08845,0.1151,0,0.03205,0.0911,0.0149,0.0119
00000000000000000024_0,0.0418,0.0617,0,0.02325,0.0385,0.01705,0.01425,0.061,0.0862,0,0.0371,0.0565,0.0191,0.0168
0000000000000000005d_0,0.07505,0.09405,0,0.0237,0.05515,0.01595,0.01475,0.0716,0.0882,0,0.0079,0.0397,0.008,0.006
0000000000000000016e_0,0.0703,0.0923,0,0.0215,0.0563,0.0139,0.0107,0.08625,0.11865,0,0.0285,0.09465,0.0134,0.01005
00000000000000000109_0,0.0623,0.0826,0,0.0224,0.0487,0.0115,0.0086,0.0637,0.0804,0,0.02105,0.0453,0.0097,0.007
00000000000000000128_0,0.06615,0.079,0,0.02775,0.0439,0.02295,0.0187,0.0632,0.0802,0,0.0159,0.0376,0.0091,0.0078
000000000000000000d4_0,0.079,0.0757,0,0.0296,0.0401,0.0204,0.0148,0.05975,0.0538,0,0.01415,0.02005,0.0105,0.0091
0000000000000000017e_0,0.0806,0.09585,0,0.025,0.05735,0.0114,0.0062,0.083,0.10435,0,0.01435,0.05905,0.0076,0.0073
0000000000000000001d_0,0.0764,0.0783,0,0.0295,0.0414,0.0148,0.0103,0.0668,0.0749,0,0.0177,0.0346,0.0112,0.0086
00000000000000000183_0,0.08855,0.09565,0,0.02935,0.05165,0.01535,0.0105,0.0802,0.1063,0,0.0243,0.0546,0.016,0.0132
000000000000000000aa_0,0.0826,0.0954,0,0.0343,0.0627,0.0151,0.0131,0.0625,0.0804,0,0.02935,0.05105,0.02545,0.0245
000000000000000000f4_0,0.0798,0.1022,0,0.0318,0.0866,0.01265,0.00925,0.0903,0.1145,0,0.0391,0.088,0.0204,0.0132
000000000000000000cc_0,0.0535,0.0821,0,0.036,0.063,0.0163,0.0102,0.06855,0.09925,0,0.10455,0.07515,0.05165,0.03235
000000000000000000e7_0,0.06455,0.07505,0,0.03635,0.0551,0.0209,0.01565,0.06935,0.087,0,0.0361,0.06315,0.01715,0.01325
00000000000000000098_0,0.0834,0.0963,0,0.04345,0.07345,0.01865,0.01285,0.0479,0.0602,0,0.0132,0.0368,0.0087,0.0069
000000000000000001b3_0,0.0834,0.1131,0,0.0342,0.1014,0.0149,0.01035,0.0808,0.1081,0,0.0315,0.0918,0.0131,0.0108
00000000000000000063_0,0.0696,0.0947,0,0.0496,0.0631,0.0449,0.0413,0.0703,0.0958,0,0.02255,0.07265,0.0108,0.0077
00000000000000000092_0,0.109,0.1159,0,0.0433,0.0803,0.0193,0.0127,0.0616,0.08315,0,0.0151,0.0418,0.00815,0.0064
0000000000000000015e_0,0.0978,0.0975,0,0.0635,0.0741,0.057,0.0422,0.06775,0.0851,0,0.0524,0.0646,0.04445,0.034
000000000000000000e9_0,0.0791,0.10795,0,0.06435,0.09145,0.0296,0.0211,0.0832,0.1087,0,0.0317,0.0912,0.0228,0.0203
00000000000000000055_0,0.06245,0.08175,0,0.1084,0.0852,0.1042,0.0695,0.0593,0.0806,0,0.1577,0.0655,0.1114,0.0589
0000000000000000013b_0,0.0628,0.0842,0,0.1094,0.0931,0.1214,0.0947,0.0455,0.0535,0,0.049,0.0444,0.0337,0.0274
00000000000000000008_0,0.02845,0.04625,0,0.1747,0.03225,0.1034,0.0544,0.034,0.0738,0,0.3427,0.0393,0.1768,0.0798
00000000000000000213_0,0.0468,0.0647,1,0.1776,0.0533,0.0971,0.0653,0.0454,0.0622,1,0.1818,0.0475,0.0887,0.0529
000000000000000000ed_0,0.0689,0.0881,0,0.1678,0.08035,0.16075,0.1162,0.0774,0.1056,0,0.1669,0.1082,0.1463,0.1175
00000000000000000212_0,0.0451,0.0662,1,0.18205,0.04755,0.0687,0.03015,0.0441,0.069,1,0.2038,0.0394,0.0471,0.019
00000000000000000051_0,0.1077,0.1309,0,0.1845,0.1319,0.2051,0.1866,0.12305,0.1606,0,0.28345,0.16705,0.2575,0.2112
0000000000000000016b_0,0.0439,0.0685,0,0.1845,0.0847,0.1468,0.1021,0.0592,0.07845,0,0.31465,0.0633,0.1925,0.09865
00000000000000000085_0,0.1128,0.1392,0,0.2119,0.1651,0.2354,0.2055,0.1269,0.14735,0,0.22685,0.15775,0.2227,0.19005
000000000000000001a2_0,0.0516,0.06975,0,0.2268,0.0718,0.2309,0.1627,0.03665,0.0672,0,0.3595,0.0461,0.233,0.1143
00000000000000000069_0,0.1374,0.1455,0,0.2034,0.1454,0.1987,0.1618,0.137,0.14845,0,0.2219,0.13605,0.19235,0.1634
000000000000000001a4_0,0.0616,0.07935,0,0.20265,0.0823,0.17905,0.1298,0.0666,0.0859,0,0.27555,0.08265,0.1984,0.1356
00000000000000000058_0,0.0559,0.0698,0,0.215,0.0602,0.1353,0.0735,0.08165,0.12475,0,0.31295,0.14985,0.3267,0.28435
00000000000000000169_0,0.07635,0.1008,0,0.2029,0.11845,0.2477,0.1781,0.08,0.1079,0,0.2204,0.1271,0.2666,0.1879
00000000000000000009_0,0.0571,0.087,0,0.2176,0.1024,0.1584,0.1212,0.0434,0.0664,0,0.3049,0.0713,0.1719,0.1065
00000000000000000112_0,0.07385,0.0931,0,0.22895,0.0944,0.2232,0.1692,0.0646,0.0883,0,0.2899,0.1039,0.239,0.1823
0000000000000000003c_0,0.0424,0.0629,0,0.2239,0.0613,0.1686,0.1106,0.0753,0.0912,0,0.2626,0.0773,0.1978,0.1262
0000000000000000013c_0,0.0265,0.05235,0,0.22255,0.0275,0.1442,0.0755,0.0301,0.0474,0,0.2391,0.0278,0.1341,0.0659
00000000000000000053_0,0.0532,0.082,0,0.2043,0.0875,0.203,0.1275,0.141,0.1837,0,0.2822,0.2327,0.327,0.2524
00000000000000000208_0,0.0649,0.0851,1,0.2027,0.0731,0.0899,0.0571,0.0621,0.0868,1,0.2103,0.0722,0.0898,0.056
000000000000000000d3_0,0.1656,0.1928,0,0.2459,0.2117,0.2688,0.2608,0.2166,0.25505,0,0.3093,0.2705,0.31935,0.3012
00000000000000000029_0,0.1208,0.1497,0,0.22145,0.15675,0.2237,0.1669,0.1224,0.1547,0,0.2278,0.1664,0.2202,0.1798
000000000000000001be_0,0.0624,0.0923,0,0.2256,0.0852,0.1708,0.10105,0.06115,0.1122,0,0.1583,0.10635,0.13585,0.08485
000000000000000001d1_0,0.0564,0.0789,1,0.2223,0.0579,0.1139,0.0654,0.0334,0.05035,1,0.26835,0.03075,0.0813,0.0382
0000000000000000003f_0,0.095,0.1317,0,0.2371,0.1256,0.2247,0.1486,0.0622,0.08815,0,0.2088,0.0735,0.14955,0.09545
000000000000000000a2_0,0.1003,0.1394,0,0.2188,0.1549,0.2126,0.1755,0.073,0.1063,0,0.2298,0.1044,0.1363,0.115
00000000000000000070_0,0.14,0.1573,0,0.2593,0.1627,0.27175,0.2112,0.0936,0.1226,0,0.2094,0.1235,0.2123,0.1739
000000000000000001b9_0,0.0901,0.1201,0,0.25875,0.14315,0.31285,0.26125,0.0937,0.1263,0,0.2843,0.139,0.3134,0.2445
00000000000000000059_0,0.0802,0.1092,0,0.2605,0.1151,0.2469,0.1892,0.074,0.1022,0,0.2532,0.1018,0.2642,0.1806
00000000000000000097_0,0.0729,0.0734,0,0.245,0.0529,0.1184,0.0588,0.02595,0.0419,0,0.264,0.0289,0.1203,0.0502
000000000000000001ac_0,0.186,0.206,0,0.2486,0.2196,0.286,0.2486,0.1726,0.2111,0,0.29815,0.24195,0.31105,0.2624
0000000000000000019c_0,0.09345,0.1261,0,0.2622,0.15575,0.33975,0.29055,0.1189,0.15,0,0.2747,0.15605,0.3263,0.2819
00000000000000000032_0,0.0571,0.0925,0,0.262,0.0869,0.1766,0.0898,0.05505,0.0724,0,0.24145,0.07695,0.1692,0.09455
00000000000000000066_0,0.07615,0.1002,0,0.26895,0.08865,0.22885,0.1455,0.045,0.0703,0,0.2864,0.0714,0.2223,0.134
00000000000000000192_0,0.0478,0.0662,0,0.2642,0.0615,0.1959,0.125,0.0301,0.0527,0,0.3384,0.0334,0.1808,0.0966
000000000000000000b1_0,0.0991,0.12085,0,0.2847,0.11605,0.25435,0.18695,0.0948,0.1147,0,0.2543,0.108,0.2218,0.1579
000000000000000001fd_0,0.0645,0.0829,1,0.2809,0.0616,0.1655,0.0934,0.0258,0.0449,1,0.2503,0.0298,0.1092,0.0548
00000000000000000021_0,0.07855,0.10995,0,0.2861,0.1466,0.3734,0.25245,0.0603,0.0899,0,0.3595,0.0879,0.1955,0.1039
00000000000000000124_0,0.03865,0.0638,0,0.28025,0.0564,0.202,0.10945,0.0402,0.0777,0,0.373,0.0504,0.2163,0.1041
00000000000000000147_0,0.0464,0.0683,0,0.3334,0.04365,0.19045,0.08895,0.0453,0.0878,0,0.4249,0.0436,0.2277,0.0991
000000000000000001e6_0,0.03215,0.0511,1,0.314,0.032,0.09585,0.04,0.0347,0.0606,1,0.3308,0.03425,0.11285,0.04675
00000000000000000071_0,0.1581,0.1781,0,0.3531,0.1696,0.3125,0.229,0.0396,0.0671,0,0.3836,0.0577,0.2078,0.1017
000000000000000000fd_0,0.0358,0.0632,0,0.3117,0.042,0.1787,0.092,0.0451,0.0713,0,0.3351,0.0505,0.1625,0.0912
00000000000000000102_0,0.0548,0.07845,0,0.3791,0.05905,0.21095,0.11115,0.0262,0.0538,0,0.3594,0.0358,0.2039,0.0899
00000000000000000168_0,0.107,0.13935,0,0.36255,0.13015,0.2575,0.16095,0.0407,0.0692,0,0.3329,0.0586,0.2253,0.1243
