system:index,blue_L8_1,green_L8_1,landcover_L8_1,nir_L8_1,red_L8_1,swir1_L8_1,swir2_L8_1,blue_S2_1,green_S2_1,landcover_S2_1,nir_S2_1,red_S2_1,swir1_S2_1,swir2_S2_1
00000000000000000001_0,0.10688,0.17932,0,0.13964,0.18036,0.15612,0.10864,0.1495,0.1611,0,0.0806,0.1317,0.0841,0.0619
00000000000000000003_0,0.11468,0.14644,0,0.34872,0.1618,0.3496,0.224,0.0794,0.11665,0,0.30095,0.11575,0.26485,0.1678
00000000000000000004_0,0.0883200000000001,0.15288,0,0.14016,0.17428,0.0827200000000001,0.0636800000000001,0.0888,0.1186,0,0.0932,0.1271,0.056,0.0443
00000000000000000005_0,0.12584,0.17372,0,0.33232,0.20768,0.39632,0.34932,0.14135,0.1772,0,0.3054,0.20055,0.36615,0.33265
00000000000000000007_0,0.0934200000000001,0.14238,0,0.5588,0.11436,0.28388,0.16496,0.0622,0.102,0,0.3775,0.108,0.2654,0.2056
0000000000000000000a_0,0.09156,0.10932,0,0.04288,0.06564,0.0197600000000001,0.01268,0.0513,0.0667,0,0.013,0.0314,0.0074,0.0051
0000000000000000000c_0,0.06232,0.10796,0,0.26104,0.09956,0.16184,0.0942400000000001,0.0619,0.08835,0,0.2376,0.0974,0.2519,0.17805
0000000000000000000d_0,0.0524200000000001,0.1059,0,0.02778,0.05224,0.0265400000000001,0.0230600000000001,0.09295,0.107,0,0.03755,0.0655,0.0205,0.0112
0000000000000000000e_0,0.0750400000000001,0.10268,0,0.39788,0.11104,0.3402,0.20172,0.07275,0.0846,0,0.32315,0.08375,0.27205,0.1639
00000000000000000013_0,0.07052,0.11452,0,0.27876,0.10112,0.19956,0.11448,0.04965,0.07205,0,0.1213,0.0485,0.1026,0.0592
00000000000000000015_0,0.12106,0.16532,0,0.27618,0.176,0.28188,0.20434,0.05845,0.07085,0,0.10585,0.0614,0.0734,0.0476
00000000000000000017_0,0.0695400000000001,0.10486,0,0.38986,0.08652,0.28588,0.14804,0.0382,0.0601,0,0.2529,0.0473,0.1994,0.1091
00000000000000000018_0,0.0658400000000001,0.09672,0,0.37588,0.09212,0.2568,0.13976,0.0242,0.0591,0,0.3188,0.0387,0.2031,0.0945
00000000000000000019_0,0.0959200000000001,0.16252,0,0.2788,0.1792,0.2386,0.12052,0.07595,0.10325,0,0.108,0.09875,0.09735,0.05045
0000000000000000001a_0,0.11642,0.17096,0,0.0788000000000001,0.16622,0.0230600000000001,0.01492,0.0934,0.1169,0,0.0516,0.1159,0.0173,0.0124
0000000000000000001c_0,0.07592,0.10816,0,0.18348,0.10916,0.15476,0.11916,0.0908,0.1022,0,0.1595,0.1009,0.1409,0.1106
0000000000000000001e_0,0.07436,0.13704,0,0.02208,0.09372,0.0191600000000001,0.01468,0.07085,0.09675,0,0.011,0.05515,0.0059,0.00605
0000000000000000001f_0,0.04084,0.07324,0,0.64768,0.0368000000000001,0.267,0.0969200000000001,0.04265,0.0586,0,0.34015,0.03505,0.1584,0.0684
00000000000000000020_0,0.10148,0.13032,0,0.06404,0.12032,0.0377600000000001,0.0293600000000001,0.1056,0.1239,0,0.1344,0.1214,0.0836,0.0552
00000000000000000022_0,0.07652,0.0960800000000001,0,0.14148,0.07924,0.10116,0.0569600000000001,0.04725,0.06625,0,0.1102,0.05245,0.08895,0.0531
00000000000000000025_0,0.12912,0.1558,0,0.30184,0.15632,0.33608,0.22916,0.06775,0.0849,0,0.1887,0.0875,0.22835,0.16365
00000000000000000027_0,0.0402400000000001,0.0806600000000001,0,0.1736,0.0664600000000001,0.10952,0.06658,0.08015,0.09495,0,0.12175,0.0806,0.10855,0.0794
0000000000000000002a_0,0.06448,0.10654,0,0.40124,0.0767600000000001,0.21096,0.0997200000000001,0.05055,0.0766,0,0.3654,0.05685,0.22285,0.11595
0000000000000000002b_0,0.13264,0.1946,0,0.1102,0.1936,0.08556,0.0716800000000001,0.0685,0.10175,0,0.07355,0.1134,0.01125,0.00895
0000000000000000002c_0,0.05216,0.07436,0,0.47464,0.0495600000000001,0.21396,0.0862000000000001,0.0732,0.0926,0,0.3016,0.0838,0.1708,0.0985
0000000000000000002d_0,0.0310800000000001,0.10544,0,0.00348,0.06848,0.00548,0.00664,0.08105,0.1072,0,0.0279,0.06985,0.0105,0.0076
0000000000000000002e_0,0.07996,0.1582,0,0.3802,0.15688,0.30472,0.17872,0.10055,0.11975,0,0.20505,0.1175,0.1541,0.1044
0000000000000000002f_0,0.0528400000000001,0.11076,0,0.04828,0.0634000000000001,0.0506400000000001,0.04256,0.06175,0.072,0,0.0225,0.03665,0.00895,0.0069
00000000000000000030_0,0.05892,0.0839200000000001,0,0.31344,0.0665200000000001,0.21618,0.13202,0.0396,0.0555,0,0.21145,0.0381,0.15915,0.098
00000000000000000033_0,0.0671600000000001,0.1122,0,0.12476,0.11364,0.14356,0.11188,0.1025,0.1095,0,0.1007,0.1071,0.0991,0.0859
00000000000000000034_0,0.10314,0.14614,0,0.42584,0.14386,0.33602,0.21772,0.0613,0.0893,0,0.2732,0.0885,0.2378,0.1734
00000000000000000035_0,0.11164,0.15046,0,0.18664,0.15348,0.13908,0.0956000000000001,0.0964,0.1103,0,0.1105,0.101,0.0783,0.0484
00000000000000000036_0,0.1464,0.17236,0,0.37968,0.1796,0.34916,0.24154,0.136,0.172,0,0.2801,0.1844,0.2867,0.2502
00000000000000000037_0,0.17108,0.23644,0,0.36804,0.26456,0.4258,0.324,0.132,0.1765,0,0.28115,0.20795,0.30565,0.2729
00000000000000000038_0,0.11516,0.14232,0,0.36308,0.1398,0.31792,0.19496,0.0646,0.0877,0,0.2404,0.0981,0.27125,0.18185
00000000000000000039_0,0.0895800000000001,0.13776,0,0.26016,0.14068,0.18226,0.12268,0.08635,0.10405,0,0.1839,0.09895,0.13965,0.09215
0000000000000000003a_0,0.08352,0.1238,0,0.0422400000000001,0.0840400000000001,0.02024,0.01284,0.08005,0.1077,0,0.0255,0.0836,0.01455,0.01115
00000000000000000040_0,0.06382,0.0963000000000001,0,0.0260600000000001,0.05642,0.0167400000000001,0.0128600000000001,0.11745,0.12095,0,0.07905,0.0895,0.05505,0.04415
00000000000000000041_0,0.0864,0.11592,0,0.0502,0.0822000000000001,0.01664,0.01108,0.0838,0.1234,0,0.0375,0.101,0.019,0.0132
00000000000000000042_0,0.04738,0.08462,0,0.0,0.0276,0.00648,0.00828,0.0903,0.1029,0,0.0279,0.0587,0.0142,0.0118
00000000000000000043_0,0.1547,0.17848,0,0.40438,0.16176,0.3633,0.3133,0.1565,0.146,0,0.26665,0.13995,0.2758,0.2497
00000000000000000044_0,0.035,0.0761200000000001,0,0.0044,0.02284,0.007,0.00708,0.09015,0.1021,0,0.0307,0.06455,0.0115,0.00705
00000000000000000045_0,0.1046,0.14636,0,0.16204,0.14808,0.15436,0.0973200000000001,0.0704,0.101,0,0.081,0.106,0.0763,0.0661
00000000000000000046_0,0.0585600000000001,0.09296,0,0.0316000000000001,0.05288,0.0254,0.01984,0.0629,0.0838,0,0.016,0.0381,0.0109,0.0097
00000000000000000047_0,0.04034,0.0849600000000001,0,0.03128,0.0641400000000001,0.0224600000000001,0.01752,0.05505,0.08025,0,0.0202,0.057,0.0093,0.0078
00000000000000000048_0,0.09672,0.13296,0,0.42592,0.11844,0.3158,0.1852,0.1489,0.19155,0,0.32265,0.22025,0.3921,0.32565
00000000000000000049_0,0.1084,0.1522,0,0.06332,0.13232,0.0194,0.0117200000000001,0.0687,0.1016,0,0.0601,0.0969,0.016,0.0126
0000000000000000004a_0,0.09184,0.129,0,0.305,0.12788,0.24656,0.18032,0.06815,0.09755,0,0.2599,0.10395,0.22125,0.1661
0000000000000000004b_0,0.0927600000000001,0.1384,0,0.3988,0.12608,0.25112,0.15172,0.0477,0.0876,0,0.2756,0.0679,0.209,0.1145
0000000000000000004d_0,0.0587200000000001,0.12716,0,0.0,0.0913200000000001,0.0113200000000001,0.0128800000000001,0.1378,0.163,0,0.07545,0.13575,0.016,0.01145
0000000000000000004e_0,0.0959200000000001,0.14604,0,0.2849,0.13958,0.20212,0.10332,0.0976,0.1225,0,0.19,0.1032,0.1476,0.0824
00000000000000000050_0,0.0934400000000001,0.12536,0,0.2086,0.11664,0.19344,0.12648,0.07255,0.0949,0,0.15455,0.08625,0.1318,0.0967
00000000000000000052_0,0.07708,0.10908,0,0.05076,0.0860000000000001,0.0187600000000001,0.01024,0.043,0.0753,0,0.0085,0.0517,0.0084,0.0066
00000000000000000054_0,0.1827,0.19816,0,0.34216,0.19818,0.36898,0.32024,0.1277,0.1482,0,0.2023,0.1559,0.2362,0.2138
00000000000000000056_0,0.0577200000000001,0.11576,0,0.00864,0.05192,0.0206000000000001,0.01268,0.0886,0.1151,0,0.0318,0.1022,0.0096,0.0068
00000000000000000057_0,0.14908,0.17136,0,0.27832,0.1784,0.28932,0.21448,0.07685,0.1048,0,0.21605,0.10805,0.21125,0.17175
0000000000000000005a_0,0.0706000000000001,0.11036,0,0.16432,0.0897600000000001,0.0863200000000001,0.0501200000000001,0.11135,0.12595,0,0.13175,0.1118,0.1202,0.0945
0000000000000000005b_0,0.06942,0.1204,0,0.1262,0.12192,0.07606,0.0449000000000001,0.1138,0.12305,0,0.08745,0.10265,0.0545,0.04325
0000000000000000005c_0,0.0274,0.0756000000000001,0,0.0,0.0113200000000001,0.00592,0.00688,0.09335,0.11115,0,0.0272,0.06825,0.0104,0.00725
0000000000000000005e_0,0.03418,0.0647200000000001,0,0.5051,0.04508,0.2326,0.0931400000000001,0.0369,0.0521,0,0.3492,0.0337,0.17565,0.075
0000000000000000005f_0,0.06092,0.0926400000000001,0,0.04516,0.0636800000000001,0.0153200000000001,0.00984,0.0612,0.08505,0,0.08985,0.0859,0.0895,0.06615
00000000000000000062_0,0.0760400000000001,0.12716,0,0.29448,0.14408,0.21848,0.12856,0.03965,0.05805,0,0.16685,0.0733,0.14,0.08805
00000000000000000064_0,0.0378000000000001,0.0964800000000001,0,0.0184,0.07392,0.00948,0.00788,0.06435,0.08365,0,0.0414,0.0714,0.0192,0.0211
00000000000000000067_0,0.0557800000000001,0.0878800000000001,0,0.1171,0.07652,0.0803200000000001,0.0528200000000001,0.04085,0.05075,0,0.05855,0.03995,0.0584,0.04125
0000000000000000006a_0,0.0352000000000001,0.0996800000000001,0,0.00368,0.046,0.00972,0.00908,0.0593,0.0817,0,0.0095,0.0396,0.004,0.0046
0000000000000000006b_0,0.0704200000000001,0.11698,0,0.2749,0.17738,0.25506,0.18036,0.05915,0.0878,0,0.19135,0.12095,0.2063,0.16315
0000000000000000006e_0,0.0988800000000001,0.1216,0,0.26796,0.10588,0.17768,0.11752,0.0541,0.0743,0,0.2139,0.0658,0.1512,0.1136
00000000000000000072_0,0.12952,0.16456,0,0.28768,0.18728,0.30636,0.22032,0.1368,0.1947,0,0.2696,0.2346,0.3163,0.2719
00000000000000000074_0,0.0304800000000001,0.0840000000000001,0,0.0,0.0232000000000001,0.00448,0.00584,0.0937,0.10815,0,0.0335,0.0786,0.0142,0.01
00000000000000000075_0,0.15556,0.21536,0,0.29756,0.22008,0.30772,0.27388,0.1622,0.17845,0,0.18775,0.19545,0.20555,0.2029
00000000000000000078_0,0.13644,0.17796,0,0.25176,0.19304,0.29336,0.265,0.11705,0.1453,0,0.1913,0.15435,0.24375,0.25065
0000000000000000007a_0,0.0595800000000001,0.11398,0,0.02208,0.05296,0.0268,0.0237800000000001,0.07445,0.08535,0,0.03225,0.04155,0.0208,0.01615
0000000000000000007e_0,0.1034,0.14068,0,0.22204,0.14568,0.21088,0.14728,0.0731,0.09805,0,0.20435,0.0916,0.1578,0.09855
00000000000000000080_0,0.10728,0.13944,0,0.2862,0.1458,0.32004,0.2252,0.0909,0.1222,0,0.2388,0.1458,0.2816,0.2047
00000000000000000081_0,0.09644,0.1356,0,0.15056,0.11908,0.11972,0.08728,0.069,0.0883,0,0.0841,0.07065,0.0567,0.04415
00000000000000000082_0,0.08408,0.157,0,0.3192,0.17294,0.26676,0.16266,0.07995,0.12225,0,0.2604,0.12745,0.20125,0.1123
00000000000000000083_0,0.0969000000000001,0.13936,0,0.0618000000000001,0.12162,0.0254200000000001,0.0169000000000001,0.0871,0.1127,0,0.0424,0.1104,0.0135,0.0096
00000000000000000084_0,0.07564,0.10036,0,0.41556,0.0941600000000001,0.2916,0.15688,0.05895,0.0703,0,0.2482,0.05835,0.14085,0.077
00000000000000000086_0,0.14296,0.17204,0,0.39608,0.1918,0.32824,0.23472,0.17705,0.2089,0,0.3628,0.2189,0.3269,0.26225
00000000000000000087_0,0.0763400000000001,0.11864,0,0.37474,0.1041,0.25268,0.14468,0.0609,0.0919,0,0.1936,0.1039,0.2239,0.1615
00000000000000000089_0,0.0429000000000001,0.0880200000000001,0,0.50472,0.08138,0.2347,0.12624,0.0225,0.0543,0,0.373,0.0345,0.1728,0.0894
0000000000000000008b_0,0.0756000000000001,0.11852,0,0.07664,0.0948800000000001,0.0631600000000001,0.0499200000000001,0.0652,0.0848,0,0.0433,0.06645,0.0302,0.0232
0000000000000000008c_0,0.0652400000000001,0.11048,0,0.15224,0.10188,0.0504000000000001,0.02796,0.07985,0.0998,0,0.12405,0.08565,0.0607,0.0306
0000000000000000008d_0,0.10896,0.1408,0,0.0698800000000001,0.11152,0.0731600000000001,0.05916,0.07605,0.0856,0,0.03885,0.0606,0.0249,0.016
0000000000000000008e_0,0.0972400000000001,0.12196,0,0.13724,0.10528,0.0618400000000001,0.0369600000000001,0.0782,0.1015,0,0.0933,0.0954,0.0684,0.0444
0000000000000000008f_0,0.11344,0.13988,0,0.108,0.11902,0.1026,0.0804400000000001,0.0879,0.1131,0,0.032,0.0841,0.0236,0.0213
00000000000000000090_0,0.18324,0.2546,0,0.34512,0.286,0.34824,0.27812,0.1643,0.2379,0,0.3065,0.2787,0.3333,0.2976
00000000000000000091_0,0.0759000000000001,0.11998,0,0.33696,0.11006,0.23184,0.1401,0.0845,0.1037,0,0.2237,0.0948,0.1838,0.1191
00000000000000000093_0,0.0973200000000001,0.1388,0,0.0478400000000001,0.11004,0.0177200000000001,0.0105600000000001,0.07425,0.1033,0,0.02865,0.07845,0.0204,0.0148
00000000000000000095_0,0.0662,0.0886200000000001,0,0.2711,0.0937400000000001,0.27756,0.161,0.06185,0.0755,0,0.2162,0.08615,0.23765,0.1553
00000000000000000096_0,0.09496,0.13068,0,0.31764,0.1188,0.26432,0.1688,0.0842,0.1482,0,0.1893,0.1263,0.1586,0.1008
00000000000000000099_0,0.0668400000000001,0.0986400000000001,0,0.40516,0.07608,0.20196,0.10096,0.03355,0.05215,0,0.3287,0.04045,0.1912,0.0976
0000000000000000009a_0,0.05838,0.12978,0,0.12406,0.1283,0.10216,0.06182,0.0996,0.1362,0,0.1353,0.1423,0.1009,0.0596
0000000000000000009b_0,0.1118,0.13848,0,0.30112,0.14032,0.3297,0.22386,0.0599,0.0797,0,0.1954,0.0922,0.2354,0.1648
0000000000000000009e_0,0.06964,0.10036,0,0.43876,0.0725600000000001,0.227,0.1056,0.0394,0.0696,0,0.3446,0.0379,0.1719,0.0877
000000000000000000a1_0,0.0405000000000001,0.0853400000000001,0,0.41414,0.0517800000000001,0.21182,0.10162,0.0254,0.0509,0,0.2739,0.02875,0.1401,0.0657
000000000000000000a5_0,0.0856400000000001,0.12056,0,0.0386400000000001,0.0808,0.0134,0.00812,0.0778,0.1002,0,0.0321,0.0686,0.015,0.0098
000000000000000000a6_0,0.06062,0.0909400000000001,0,0.36122,0.0783200000000001,0.23126,0.13742,0.0775,0.09485,0,0.2929,0.0742,0.2069,0.12675
000000000000000000a7_0,0.05604,0.10276,0,0.26004,0.0794400000000001,0.18092,0.09096,0.0488,0.0656,0,0.1718,0.0515,0.1138,0.0676
000000000000000000a9_0,0.04928,0.08628,0,0.4452,0.05688,0.21428,0.09472,0.088,0.0959,0,0.2176,0.0858,0.1419,0.0804
000000000000000000ab_0,0.16894,0.21104,0,0.1375,0.18472,0.12024,0.10036,0.1303,0.15385,0,0.0908,0.13135,0.05085,0.03675
000000000000000000ac_0,0.14604,0.18834,0,0.11312,0.17224,0.0891400000000001,0.07364,0.0843,0.103,0,0.0353,0.0798,0.0206,0.0172
000000000000000000ad_0,0.04628,0.0833400000000001,0,0.41328,0.0921,0.2883,0.15492,0.0336,0.0513,0,0.2838,0.062,0.2293,0.1389
000000000000000000ae_0,0.0290800000000001,0.0840400000000001,0,0.0,0.0218,0.00544,0.0066,0.09355,0.11395,0,0.0325,0.0891,0.01165,0.0073
000000000000000000b0_0,0.0852400000000001,0.12308,0,0.45594,0.10548,0.29026,0.14084,0.0595,0.0892,0,0.3147,0.0765,0.2053,0.1166
000000000000000000b3_0,0.04644,0.09556,0,0.4842,0.06824,0.2792,0.12612,0.0276,0.0525,0,0.318,0.0321,0.1548,0.0718
000000000000000000b4_0,0.07296,0.10432,0,0.0913200000000001,0.0983600000000001,0.04656,0.0365200000000001,0.0756,0.1069,0,0.1965,0.12715,0.2449,0.1791
000000000000000000b5_0,0.09356,0.13232,0,0.18372,0.14044,0.13952,0.0958000000000001,0.084,0.10345,0,0.125,0.1102,0.0958,0.0747
000000000000000000b6_0,0.0752800000000001,0.10548,0,0.034,0.06036,0.01764,0.01164,0.0399,0.0543,0,0.0033,0.0154,0.0035,0.0041
000000000000000000b8_0,0.05588,0.095,0,0.38296,0.0698,0.2052,0.10484,0.0395,0.0706,0,0.3321,0.0419,0.1855,0.0896
000000000000000000b9_0,0.18452,0.2708,0,0.47156,0.37888,0.66144,0.54608,0.1513,0.2329,0,0.3854,0.3579,0.5504,0.4537
000000000000000000ba_0,0.09612,0.13752,0,0.29596,0.14004,0.27948,0.1902,0.1126,0.1508,0,0.25515,0.17215,0.25965,0.1881
000000000000000000bd_0,0.0451200000000001,0.0977000000000001,0,0.02132,0.0571400000000001,0.0276200000000001,0.0254200000000001,0.0749,0.0892,0,0.0249,0.05785,0.0118,0.00785
000000000000000000c0_0,0.10022,0.1339,0,0.33502,0.1336,0.29712,0.20434,0.0518,0.0718,0,0.2268,0.0686,0.1795,0.1263
000000000000000000c1_0,0.0667200000000001,0.0970800000000001,0,0.35076,0.0748,0.23252,0.11252,0.0598,0.0825,0,0.2503,0.063,0.189,0.1012
000000000000000000c2_0,0.11268,0.16236,0,0.25672,0.18096,0.2384,0.19324,0.1231,0.1436,0,0.2088,0.1569,0.2336,0.1976
000000000000000000c6_0,0.12948,0.16232,0,0.2812,0.17764,0.33756,0.2882,0.098,0.1174,0,0.2098,0.1336,0.2521,0.2241
000000000000000000ca_0,0.06304,0.09656,0,0.35612,0.09112,0.25036,0.15856,0.0586,0.07055,0,0.31755,0.0557,0.17955,0.09425
000000000000000000cd_0,0.12084,0.1458,0,0.20752,0.13132,0.17372,0.12468,0.1136,0.13335,0,0.22065,0.13575,0.21385,0.18635
000000000000000000cf_0,0.13084,0.16484,0,0.31188,0.1706,0.2658,0.19388,0.07415,0.08745,0,0.2433,0.08525,0.19445,0.13025
000000000000000000d0_0,0.051,0.12118,0,0.0,0.0816600000000001,0.01014,0.0118,0.09825,0.1261,0,0.02535,0.1012,0.01815,0.0151
000000000000000000d2_0,0.181,0.21112,0,0.31196,0.23308,0.36692,0.31292,0.1493,0.17985,0,0.2468,0.19215,0.26105,0.22845
000000000000000000d5_0,0.0422400000000001,0.07352,0,0.27448,0.05432,0.155,0.0760400000000001,0.01875,0.03715,0,0.223,0.022,0.0959,0.0424
000000000000000000d7_0,0.0648800000000001,0.0965200000000001,0,0.34708,0.08412,0.23752,0.12992,0.058,0.07855,0,0.2813,0.06935,0.2355,0.1406
000000000000000000d8_0,0.0996000000000001,0.13948,0,0.0837200000000001,0.12572,0.0468000000000001,0.03856,0.0803,0.0922,0,0.0767,0.0951,0.065,0.0542
000000000000000000da_0,0.06676,0.1088,0,0.22988,0.0926000000000001,0.12036,0.0568400000000001,0.0605,0.0835,0,0.2063,0.0785,0.128,0.0841
000000000000000000db_0,0.0436,0.0980400000000001,0,0.5606,0.0694000000000001,0.29884,0.13776,0.04885,0.08045,0,0.47005,0.0432,0.26105,0.1177
000000000000000000dc_0,0.04572,0.09168,0,0.4548,0.05904,0.24196,0.0997600000000001,0.1007,0.1263,0,0.3021,0.0894,0.1931,0.0996
000000000000000000de_0,0.03444,0.0867600000000001,0,0.0,0.0204400000000001,0.0072,0.00788,0.1066,0.1277,0,0.036,0.1028,0.0121,0.00885
000000000000000000e0_0,0.0904,0.13116,0,0.06408,0.11452,0.01928,0.0106000000000001,0.0777,0.1,0,0.0354,0.0968,0.0171,0.0124
000000000000000000e2_0,0.05748,0.0886000000000001,0,0.35364,0.0676000000000001,0.183,0.0952000000000001,0.03365,0.0532,0,0.21895,0.05325,0.1827,0.108
000000000000000000e3_0,0.0820400000000001,0.11304,0,0.0486800000000001,0.0781600000000001,0.0178800000000001,0.01012,0.05835,0.083,0,0.0208,0.0578,0.0132,0.0114
000000000000000000e5_0,0.18976,0.188,0,0.34504,0.1796,0.38028,0.31848,0.19975,0.18995,0,0.29055,0.173,0.31145,0.2916
000000000000000000e6_0,0.0442200000000001,0.0797800000000001,0,0.34362,0.071,0.26142,0.13978,0.0558,0.0816,0,0.2557,0.0817,0.2489,0.159
000000000000000000eb_0,0.0866400000000001,0.1116,0,0.20604,0.10536,0.15736,0.11724,0.06915,0.076,0,0.1678,0.0672,0.13215,0.1082
000000000000000000ec_0,0.15372,0.22964,0,0.40848,0.33036,0.57532,0.37184,0.1072,0.1801,0,0.3345,0.2903,0.4744,0.3198
000000000000000000ee_0,0.08044,0.10976,0,0.34588,0.11556,0.29966,0.1766,0.0793,0.09415,0,0.2524,0.1057,0.2536,0.17695
000000000000000000f2_0,0.0468000000000001,0.08196,0,0.47364,0.0594000000000001,0.22316,0.0945200000000001,0.0807,0.0905,0,0.24205,0.07335,0.1307,0.06475
000000000000000000f3_0,0.0529600000000001,0.0777200000000001,0,0.37976,0.0502,0.20764,0.0922000000000001,0.0669,0.06985,0,0.2213,0.04295,0.12585,0.05695
000000000000000000f5_0,0.09376,0.12234,0,0.40716,0.10876,0.33766,0.19688,0.06805,0.08955,0,0.2946,0.08425,0.27885,0.1739
000000000000000000f7_0,0.0526,0.08968,0,0.49272,0.05764,0.24624,0.10968,0.1063,0.1263,0,0.3626,0.1036,0.2199,0.1237
000000000000000000f9_0,0.0492,0.0814800000000001,0,0.0254800000000001,0.0418000000000001,0.01184,0.00832,0.0745,0.09105,0,0.0292,0.057,0.01015,0.0061
000000000000000000fb_0,0.07052,0.11504,0,0.15336,0.10348,0.0939200000000001,0.0645600000000001,0.1048,0.1184,0,0.1194,0.1074,0.0752,0.0552
000000000000000000fc_0,0.0645400000000001,0.0939600000000001,0,0.37506,0.0894400000000001,0.27546,0.15036,0.03885,0.05745,0,0.28155,0.05545,0.21945,0.13995
000000000000000000ff_0,0.08412,0.12268,0,0.3842,0.10732,0.29104,0.16132,0.07475,0.09855,0,0.23775,0.07785,0.2034,0.12565
00000000000000000103_0,0.07868,0.0877600000000001,0,0.17736,0.0849200000000001,0.17764,0.1158,0.06005,0.0736,0,0.1874,0.07625,0.19715,0.1169
00000000000000000107_0,0.0624400000000001,0.13464,0,0.0,0.07692,0.00796,0.00736,0.12845,0.1535,0,0.0429,0.1211,0.01615,0.01115
00000000000000000108_0,0.13288,0.17032,0,0.40252,0.18752,0.34224,0.23532,0.1276,0.1647,0,0.2782,0.1927,0.3024,0.2427
0000000000000000010a_0,0.12668,0.15028,0,0.33284,0.17284,0.46992,0.31668,0.0919,0.1203,0,0.2706,0.12085,0.19445,0.1282
0000000000000000010b_0,0.0694400000000001,0.10516,0,0.1236,0.0738400000000001,0.0814400000000001,0.05764,0.0492,0.075,0,0.0735,0.0476,0.0612,0.0451
0000000000000000010d_0,0.0956000000000001,0.12444,0,0.3618,0.122,0.27088,0.17224,0.07235,0.10025,0,0.2541,0.112,0.2691,0.18835
0000000000000000010e_0,0.0728800000000001,0.1271,0,0.16412,0.1269,0.04512,0.02544,0.0583,0.0854,0,0.0134,0.0518,0.0081,0.0056
0000000000000000010f_0,0.03262,0.0859200000000001,0,0.0,0.04344,0.00392,0.00562,0.1125,0.1189,0,0.0542,0.0907,0.0372,0.0293
00000000000000000111_0,0.0838800000000001,0.11412,0,0.10296,0.0936400000000001,0.05248,0.0412400000000001,0.0534,0.07615,0,0.0487,0.05285,0.03605,0.0294
00000000000000000114_0,0.17366,0.2308,0,0.30384,0.25432,0.3109,0.2693,0.14665,0.16975,0,0.1981,0.18295,0.2205,0.2064
00000000000000000115_0,0.12388,0.14468,0,0.31032,0.16324,0.41336,0.27308,0.0525,0.0797,0,0.273,0.0901,0.3081,0.1974
00000000000000000116_0,0.046,0.101,0,0.0349600000000001,0.0805600000000001,0.0164000000000001,0.01328,0.1195,0.1293,0,0.0942,0.116,0.0537,0.0432
00000000000000000117_0,0.04416,0.0762800000000001,0,0.43912,0.06176,0.20468,0.0884800000000001,0.0393,0.0487,0,0.341,0.0345,0.1592,0.0705
00000000000000000119_0,0.0755400000000001,0.10706,0,0.0722000000000001,0.0887000000000001,0.03824,0.02804,0.0581,0.0728,0,0.0258,0.0606,0.0107,0.0067
0000000000000000011b_0,0.1088,0.15532,0,0.2274,0.16668,0.19652,0.12204,0.1074,0.1298,0,0.15,0.1342,0.1175,0.0769
0000000000000000011c_0,0.0680000000000001,0.0988000000000001,0,0.38076,0.0948000000000001,0.24112,0.1218,0.0377,0.0519,0,0.3525,0.0454,0.1758,0.089
0000000000000000011e_0,0.0648400000000001,0.10324,0,0.38208,0.0944800000000001,0.26328,0.14368,0.07835,0.0899,0,0.3531,0.07595,0.23025,0.1279
00000000000000000120_0,0.17248,0.22744,0,0.3576,0.261,0.48168,0.38932,0.1191,0.1587,0,0.2861,0.1992,0.3817,0.3155
00000000000000000122_0,0.11748,0.16224,0,0.0886000000000001,0.15896,0.0506400000000001,0.0414000000000001,0.06425,0.09075,0,0.0251,0.0734,0.00755,0.0075
00000000000000000123_0,0.0786200000000001,0.10936,0,0.27468,0.1022,0.18982,0.11416,0.0921,0.1015,0,0.1724,0.0853,0.1169,0.0785
00000000000000000125_0,0.066,0.1219,0,0.24524,0.11954,0.18442,0.10514,0.09165,0.1141,0,0.1615,0.1046,0.1319,0.08265
00000000000000000126_0,0.0616200000000001,0.10008,0,0.35156,0.09536,0.25328,0.15028,0.0497,0.0714,0,0.2417,0.0627,0.2057,0.1306
00000000000000000127_0,0.07284,0.11674,0,0.38052,0.1265,0.33448,0.19808,0.0866,0.109,0,0.2543,0.1047,0.2292,0.1517
00000000000000000129_0,0.06926,0.1262,0,0.0444400000000001,0.07878,0.03714,0.0307000000000001,0.0956,0.1137,0,0.0455,0.0699,0.0305,0.02405
0000000000000000012a_0,0.13336,0.16908,0,0.23956,0.18024,0.22608,0.18612,0.1228,0.1594,0,0.20305,0.1855,0.2252,0.208
0000000000000000012b_0,0.0809200000000001,0.11244,0,0.34558,0.11376,0.29848,0.1888,0.07365,0.0919,0,0.24545,0.10085,0.30655,0.21305
0000000000000000012c_0,0.14984,0.19216,0,0.33416,0.21952,0.37108,0.30568,0.1219,0.1554,0,0.27215,0.18155,0.31525,0.2683
0000000000000000012e_0,0.0420400000000001,0.07672,0,0.3986,0.0496,0.19096,0.0873400000000001,0.0441,0.0714,0,0.3433,0.0373,0.1879,0.094
00000000000000000130_0,0.14796,0.17676,0,0.40916,0.17176,0.38424,0.2912,0.09225,0.1186,0,0.27545,0.12535,0.2567,0.20685
00000000000000000131_0,0.10812,0.16646,0,0.39126,0.18118,0.4028,0.30148,0.1014,0.1433,0,0.3327,0.1639,0.3405,0.2544
00000000000000000132_0,0.0920400000000001,0.12804,0,0.32936,0.11122,0.28504,0.1882,0.1,0.1106,0,0.2078,0.1059,0.2,0.1548
00000000000000000133_0,0.0980800000000001,0.13116,0,0.3476,0.11796,0.23616,0.15496,0.05065,0.07385,0,0.2194,0.06035,0.1909,0.124
00000000000000000134_0,0.07364,0.10338,0,0.22868,0.0867400000000001,0.18928,0.11528,0.08,0.0874,0,0.1273,0.0743,0.1132,0.0796
00000000000000000135_0,0.06134,0.0888800000000001,0,0.3127,0.0762600000000001,0.2391,0.1317,0.0587,0.0712,0,0.2271,0.0698,0.1962,0.1207
00000000000000000136_0,0.07536,0.12116,0,0.13436,0.11424,0.10928,0.10052,0.0961,0.1162,0,0.1675,0.1223,0.15025,0.12535
00000000000000000137_0,0.0754,0.1272,0,0.0485600000000001,0.10636,0.0147600000000001,0.00984,0.0927,0.124,0,0.072,0.1146,0.0217,0.01465
00000000000000000139_0,0.17156,0.21132,0,0.25192,0.2304,0.2526,0.21124,0.1661,0.20605,0,0.21655,0.239,0.22285,0.1847
0000000000000000013a_0,0.1832,0.23196,0,0.40912,0.24276,0.40092,0.3066,0.14765,0.1724,0,0.3233,0.1719,0.3289,0.29225
0000000000000000013d_0,0.14036,0.18052,0,0.29936,0.20196,0.30612,0.26916,0.1215,0.1366,0,0.1774,0.14,0.1993,0.2064
0000000000000000013e_0,0.11168,0.15648,0,0.28196,0.17284,0.27408,0.2168,0.1088,0.12285,0,0.1779,0.1299,0.18175,0.15815
0000000000000000013f_0,0.08212,0.12544,0,0.38968,0.13132,0.35068,0.21332,0.08415,0.11315,0,0.32555,0.08905,0.27985,0.1649
00000000000000000141_0,0.0564200000000001,0.0950200000000001,0,0.03428,0.0661200000000001,0.0296400000000001,0.0246400000000001,0.0946,0.1065,0,0.0804,0.0849,0.0719,0.0676
00000000000000000142_0,0.10048,0.15382,0,0.0767400000000001,0.11612,0.01234,0.00904,0.12395,0.15155,0,0.15475,0.1301,0.01865,0.01435
00000000000000000144_0,0.07006,0.13074,0,0.13736,0.12022,0.0968600000000001,0.0632000000000001,0.08165,0.10645,0,0.0712,0.083,0.0541,0.0417
00000000000000000146_0,0.1191,0.13946,0,0.31,0.13564,0.28516,0.183,0.061,0.0814,0,0.2304,0.08,0.258,0.1749
00000000000000000148_0,0.04432,0.0870600000000001,0,0.44598,0.0527200000000001,0.22498,0.104,0.02975,0.05325,0,0.2974,0.0336,0.1642,0.07955
00000000000000000149_0,0.10652,0.12392,0,0.13848,0.11536,0.09716,0.0691600000000001,0.09755,0.0976,0,0.0982,0.0891,0.072,0.0562
0000000000000000014b_0,0.10444,0.1302,0,0.2994,0.131,0.19524,0.13368,0.03745,0.0547,0,0.2187,0.0393,0.10665,0.0636
0000000000000000014d_0,0.0369,0.09454,0,0.01714,0.05238,0.0256400000000001,0.0243600000000001,0.0739,0.0837,0,0.0223,0.0501,0.0117,0.0084
0000000000000000014e_0,0.04606,0.0875000000000001,0,0.0153800000000001,0.0519200000000001,0.01938,0.01628,0.0809,0.0982,0,0.0594,0.0817,0.0232,0.0186
00000000000000000152_0,0.0504000000000001,0.11916,0,0.0121600000000001,0.0926000000000001,0.00724,0.0076,0.07405,0.10435,0,0.0195,0.0746,0.0139,0.0113
00000000000000000153_0,0.0514800000000001,0.0788800000000001,0,0.27902,0.0707600000000001,0.21676,0.122,0.04535,0.0607,0,0.21345,0.05535,0.17785,0.10855
00000000000000000154_0,0.113,0.14132,0,0.21156,0.14948,0.23348,0.21448,0.0998,0.11005,0,0.1466,0.11735,0.1648,0.16655
00000000000000000156_0,0.0609800000000001,0.0935200000000001,0,0.3238,0.0831800000000001,0.23534,0.13314,0.04845,0.06325,0,0.18685,0.0565,0.19205,0.11675
00000000000000000157_0,0.03584,0.0902000000000001,0,0.0,0.02984,0.0138,0.01284,0.09445,0.1068,0,0.0351,0.06525,0.01625,0.01095
00000000000000000159_0,0.02572,0.0927600000000001,0,0.00624,0.05304,0.00732,0.00816,0.0882,0.11235,0,0.0366,0.0921,0.0145,0.011
0000000000000000015b_0,0.148,0.18164,0,0.25352,0.1952,0.28112,0.25776,0.06575,0.08215,0,0.1278,0.08975,0.16245,0.13775
0000000000000000015c_0,0.05916,0.0934800000000001,0,0.32328,0.10076,0.26264,0.16848,0.08425,0.11155,0,0.2957,0.12285,0.32315,0.25195
0000000000000000015f_0,0.11908,0.14488,0,0.0976400000000001,0.1312,0.0559600000000001,0.0385200000000001,0.0911,0.1251,0,0.0335,0.0912,0.023,0.0198
00000000000000000160_0,0.02184,0.05976,0,0.0707600000000001,0.04272,0.04044,0.0304,0.02,0.035,0,0.0247,0.0207,0.0219,0.0127
00000000000000000163_0,0.10012,0.14092,0,0.43248,0.1314,0.33864,0.22604,0.054,0.0737,0,0.261,0.0688,0.2086,0.1477
00000000000000000167_0,0.0560600000000001,0.0919400000000001,0,0.35942,0.0873200000000001,0.287,0.15602,0.0504,0.0719,0,0.249,0.0671,0.2341,0.1429
0000000000000000016a_0,0.26396,0.41916,0,0.60728,0.51724,0.64436,0.442,0.2233,0.2956,0,0.3768,0.3534,0.4891,0.3811
0000000000000000016c_0,0.129,0.14824,0,0.21396,0.14836,0.22768,0.21552,0.10405,0.1145,0,0.15625,0.1225,0.17655,0.1674
0000000000000000016f_0,0.0394800000000001,0.0680000000000001,0,0.45584,0.0362400000000001,0.18764,0.06592,0.042,0.0519,0,0.2844,0.0358,0.1461,0.0574
00000000000000000173_0,0.13464,0.18992,0,0.36868,0.21944,0.42972,0.2702,0.10675,0.1595,0,0.2393,0.18505,0.2225,0.14975
00000000000000000174_0,0.0362400000000001,0.0812000000000001,0,0.0545200000000001,0.0495600000000001,0.08024,0.0636800000000001,0.08215,0.08895,0,0.0608,0.0684,0.0666,0.05265
00000000000000000175_0,0.0254,0.0508400000000001,0,0.02408,0.042,0.01868,0.01492,0.0759,0.0824,0,0.0559,0.0654,0.0261,0.0189
00000000000000000176_0,0.05888,0.0878,0,0.0416,0.05432,0.0439600000000001,0.03916,0.1094,0.1128,0,0.0468,0.0723,0.0258,0.0163
00000000000000000177_0,0.10996,0.13912,0,0.3268,0.14448,0.40412,0.28602,0.0719,0.09445,0,0.2211,0.1045,0.3035,0.2228
00000000000000000179_0,0.0661200000000001,0.12024,0,0.0355200000000001,0.0951600000000001,0.01612,0.0112,0.0542,0.0741,0,0.01985,0.0383,0.0042,0.0047
0000000000000000017b_0,0.0726000000000001,0.10316,0,0.32744,0.11468,0.32452,0.21696,0.0489,0.0786,0,0.2958,0.0854,0.2658,0.1597
0000000000000000017c_0,0.12628,0.16552,0,0.38748,0.21188,0.54448,0.38288,0.09105,0.12115,0,0.32335,0.1328,0.41065,0.3191
0000000000000000017d_0,0.0766000000000001,0.11828,0,0.03068,0.07592,0.01208,0.0076,0.1106,0.1325,0,0.0762,0.118,0.0169,0.0096
00000000000000000180_0,0.1092,0.15708,0,0.0657200000000001,0.14552,0.0396400000000001,0.02944,0.0615,0.0805,0,0.0124,0.0373,0.0052,0.0065
00000000000000000182_0,0.10328,0.13904,0,0.44672,0.11836,0.32024,0.1704,0.0422,0.0793,0,0.3099,0.06525,0.2515,0.13545
00000000000000000184_0,0.04528,0.0926000000000001,0,0.24188,0.09256,0.17856,0.10768,0.0429,0.0669,0,0.1698,0.0605,0.1146,0.0654
00000000000000000185_0,0.07224,0.10148,0,0.32244,0.11124,0.27324,0.17588,0.049,0.0775,0,0.2158,0.094,0.188,0.127
00000000000000000188_0,0.0428000000000001,0.10952,0,0.0,0.0557200000000001,0.00796,0.01024,0.111,0.12905,0,0.04795,0.088,0.0296,0.0204
00000000000000000189_0,0.0761000000000001,0.0991600000000001,0,0.39846,0.0901200000000001,0.19274,0.10954,0.0417,0.0601,0,0.307,0.0541,0.1662,0.1018
0000000000000000018a_0,0.10808,0.1414,0,0.0649600000000001,0.11564,0.01908,0.00972,0.0817,0.10455,0,0.0338,0.0862,0.01525,0.0113
0000000000000000018b_0,0.18696,0.27284,0,0.404,0.30896,0.51732,0.5246,0.2243,0.2977,0,0.3642,0.3388,0.4425,0.431
0000000000000000018c_0,0.14376,0.16828,0,0.31212,0.17816,0.32072,0.26272,0.1044,0.1217,0,0.23535,0.14475,0.29915,0.26965
0000000000000000018d_0,0.0404600000000001,0.10542,0,0.0037,0.04444,0.0136,0.01298,0.1193,0.1373,0,0.0404,0.1008,0.0171,0.0125
00000000000000000190_0,0.0416400000000001,0.07536,0,0.0348000000000001,0.0386,0.0367600000000001,0.0342000000000001,0.07745,0.098,0,0.0224,0.0662,0.01765,0.016
00000000000000000191_0,0.13664,0.17972,0,0.11424,0.16524,0.0897600000000001,0.07436,0.1238,0.14025,0,0.07965,0.11645,0.0404,0.0283
00000000000000000194_0,0.07668,0.1108,0,0.0506,0.0778,0.04844,0.0465200000000001,0.1022,0.121,0,0.0689,0.1008,0.0621,0.0518
00000000000000000195_0,0.0819200000000001,0.12348,0,0.30012,0.12972,0.27592,0.16272,0.08055,0.0954,0,0.2935,0.0858,0.24845,0.14895
00000000000000000196_0,0.0475200000000001,0.0846400000000001,0,0.48256,0.0644400000000001,0.21024,0.0915200000000001,0.0376,0.0497,0,0.3167,0.0376,0.1478,0.0629
00000000000000000198_0,0.08358,0.12738,0,0.32846,0.15454,0.35396,0.26294,0.0716,0.1035,0,0.24815,0.1261,0.2726,0.2219
00000000000000000199_0,0.07192,0.11928,0,0.16204,0.1072,0.10012,0.06692,0.0529,0.0774,0,0.1516,0.0743,0.0866,0.0535
0000000000000000019b_0,0.0788800000000001,0.11372,0,0.2514,0.09884,0.19144,0.11528,0.0552,0.07285,0,0.2347,0.06205,0.13885,0.07835
0000000000000000019d_0,0.0467600000000001,0.0846000000000001,0,0.25956,0.0839600000000001,0.19106,0.10794,0.05995,0.0725,0,0.17595,0.07685,0.1567,0.09925
0000000000000000019e_0,0.1478,0.18776,0,0.32384,0.20564,0.35652,0.31788,0.10375,0.11675,0,0.1884,0.12195,0.21365,0.19325
000000000000000001a3_0,0.0625200000000001,0.08956,0,0.43228,0.0609600000000001,0.22796,0.0996000000000001,0.02575,0.05515,0,0.34055,0.0295,0.1724,0.07745
000000000000000001a6_0,0.04062,0.0788200000000001,0,0.18558,0.0551000000000001,0.12022,0.0675800000000001,0.0434,0.0728,0,0.1623,0.0466,0.0997,0.0508
000000000000000001a9_0,0.0633000000000001,0.0885800000000001,0,0.36014,0.0796200000000001,0.21346,0.11804,0.0171,0.0385,0,0.307,0.0392,0.1712,0.0895
000000000000000001aa_0,0.02612,0.0584400000000001,0,0.29012,0.0384,0.13436,0.0571200000000001,0.0401,0.06175,0,0.36735,0.03745,0.1413,0.05955
000000000000000001b0_0,0.13156,0.16096,0,0.08712,0.14536,0.0472400000000001,0.0397600000000001,0.08575,0.1273,0,0.16785,0.1327,0.1443,0.08465
000000000000000001b1_0,0.051,0.08302,0,0.22542,0.08148,0.1777,0.09348,0.0502,0.0644,0,0.1353,0.0551,0.1209,0.07
000000000000000001b4_0,0.13056,0.15148,0,0.27956,0.16592,0.37984,0.26908,0.11125,0.1316,0,0.23505,0.16075,0.3388,0.25615
000000000000000001b5_0,0.0541200000000001,0.12104,0,0.0333600000000001,0.0911600000000001,0.0264800000000001,0.01924,0.0717,0.1067,0,0.0307,0.0858,0.0204,0.0152
000000000000000001b8_0,0.0668800000000001,0.0999200000000001,0,0.40932,0.10208,0.25816,0.14416,0.0654,0.0858,0,0.3357,0.1172,0.2365,0.1534
000000000000000001ba_0,0.0831000000000001,0.12138,0,0.3027,0.12036,0.26096,0.17546,0.0601,0.0896,0,0.2427,0.0953,0.1877,0.1318
000000000000000001bb_0,0.126,0.17416,0,0.0963600000000001,0.14856,0.0846000000000001,0.0721600000000001,0.06695,0.1007,0,0.0419,0.10575,0.0077,0.00665
000000000000000001bc_0,0.14708,0.1852,0,0.31416,0.21204,0.31792,0.27664,0.1357,0.16165,0,0.2278,0.17865,0.2322,0.2195
000000000000000001bd_0,0.10784,0.1898,0,0.53112,0.201,0.4394,0.31428,0.1059,0.1379,0,0.3143,0.1407,0.3251,0.284
0000000000000000007c_0,0.04184,0.0678800000000001,0,0.35284,0.05544,0.16976,0.0781600000000001,0.0222,0.0388,0,0.2729,0.0261,0.1721,0.0791
0000000000000000011f_0,0.05836,0.09172,0,0.06648,0.0755600000000001,0.0313600000000001,0.02308,0.0222,0.0557,0,0.0169,0.0287,0.0159,0.0136
00000000000000000161_0,0.0476400000000001,0.0765600000000001,0,0.30004,0.05964,0.18508,0.09672,0.0314,0.0504,0,0.2719,0.03515,0.13565,0.06375
000000000000000000bc_0,0.0675800000000001,0.0833400000000001,0,0.28716,0.0639400000000001,0.14768,0.07434,0.0358,0.0489,0,0.2065,0.0373,0.1505,0.0928
00000000000000000068_0,0.0649800000000001,0.09118,0,0.36294,0.0722400000000001,0.23386,0.11576,0.0364,0.057,0,0.1775,0.0409,0.1449,0.08
0000000000000000014c_0,0.0461200000000001,0.09612,0,0.46716,0.0592,0.22752,0.10332,0.0364,0.05585,0,0.21235,0.04425,0.1662,0.09495
000000000000000000be_0,0.07236,0.097,0,0.3504,0.0703200000000001,0.16332,0.08212,0.0372,0.0556,0,0.26505,0.0395,0.14415,0.07705
00000000000000000151_0,0.0897600000000001,0.1078,0,0.0419600000000001,0.0701200000000001,0.01592,0.0096,0.0389,0.0533,0,0.01915,0.031,0.01725,0.0131
00000000000000000121_0,0.03658,0.0726000000000001,0,0.35384,0.0520600000000001,0.21442,0.10236,0.041,0.05875,0,0.2848,0.0474,0.16995,0.08315
0000000000000000011d_0,0.03388,0.0818800000000001,0,0.0308000000000001,0.0552,0.0131600000000001,0.00936,0.0435,0.0707,0,0.0135,0.0477,0.0102,0.0081
000000000000000001b6_0,0.0515200000000001,0.0742,0,0.33824,0.0523600000000001,0.13808,0.0546,0.0435,0.0572,0,0.3387,0.0364,0.1617,0.0682
0000000000000000000b_0,0.06238,0.09226,0,0.39616,0.08124,0.2634,0.13426,0.0464,0.0602,0,0.2705,0.0483,0.1939,0.0996
00000000000000000110_0,0.0630600000000001,0.10762,0,0.47022,0.0800400000000001,0.27728,0.13328,0.0478,0.0716,0,0.3009,0.05355,0.193,0.1015
0000000000000000006d_0,0.07236,0.10832,0,0.07092,0.0919200000000001,0.05876,0.0472400000000001,0.0482,0.06025,0,0.0428,0.0476,0.03445,0.0266
0000000000000000014a_0,0.07792,0.11576,0,0.43828,0.09224,0.24716,0.13152,0.0482,0.0839,0,0.3058,0.0687,0.1787,0.1032
00000000000000000113_0,0.0686800000000001,0.11144,0,0.23724,0.0955200000000001,0.18316,0.1322,0.0487,0.06855,0,0.1139,0.061,0.10755,0.07055
00000000000000000118_0,0.0509600000000001,0.0945200000000001,0,0.245,0.07136,0.12292,0.05976,0.0487,0.07745,0,0.1463,0.0667,0.104,0.0601
0000000000000000015a_0,0.0856400000000001,0.11164,0,0.38536,0.0953200000000001,0.254,0.13328,0.0487,0.0687,0,0.3215,0.0447,0.1864,0.0969
000000000000000000cb_0,0.10792,0.16712,0,0.11096,0.15416,0.0828800000000001,0.0691200000000001,0.0496,0.0851,0,0.0228,0.0541,0.013,0.0096
000000000000000000fa_0,0.0542,0.1018,0,0.045,0.0711600000000001,0.0167600000000001,0.01236,0.0496,0.076,0,0.0177,0.0504,0.012,0.0082
0000000000000000009d_0,0.07292,0.11456,0,0.31832,0.08656,0.20268,0.11508,0.0505,0.082,0,0.2655,0.0571,0.1509,0.0857
0000000000000000018f_0,0.07802,0.11432,0,0.14676,0.09054,0.10132,0.0555600000000001,0.0505,0.0707,0,0.1111,0.0589,0.1027,0.0695
000000000000000000c4_0,0.0400600000000001,0.10166,0,0.0,0.0644600000000001,0.0056,0.00712,0.0535,0.0692,0,0.0157,0.029,0.0057,0.0043
000000000000000001a0_0,0.09184,0.13028,0,0.04372,0.0942000000000001,0.01852,0.0114,0.0544,0.0877,0,0.0156,0.0613,0.0065,0.0051
0000000000000000007d_0,0.0266400000000001,0.07064,0,0.04056,0.04116,0.0156000000000001,0.00932,0.0545,0.0663,0,0.0197,0.044,0.0116,0.0059
000000000000000001af_0,0.0599200000000001,0.09114,0,0.0464600000000001,0.0635000000000001,0.0294000000000001,0.02358,0.0546,0.0692,0,0.0402,0.0477,0.0127,0.0068
00000000000000000000_0,0.0624200000000001,0.0891000000000001,0,0.41232,0.0676000000000001,0.23264,0.1054,0.0582,0.07585,0,0.32885,0.05575,0.188,0.0979
00000000000000000079_0,0.118,0.18808,0,0.37824,0.23972,0.38268,0.25504,0.05955,0.09305,0,0.28395,0.0973,0.20695,0.1266
000000000000000000c3_0,0.0546400000000001,0.09826,0,0.39592,0.08584,0.25824,0.14722,0.0606,0.078,0,0.2794,0.0706,0.2024,0.1375
0000000000000000014f_0,0.0672400000000001,0.10948,0,0.49852,0.1152,0.3292,0.18654,0.0606,0.0865,0,0.2698,0.097,0.2241,0.147
000000000000000001a8_0,0.0699400000000001,0.12508,0,0.0459000000000001,0.0867800000000001,0.03386,0.02582,0.0624,0.0827,0,0.0121,0.0471,0.0094,0.0069
000000000000000000a0_0,0.11668,0.14364,0,0.29068,0.1604,0.3636,0.2452,0.0628,0.0923,0,0.2254,0.10205,0.2717,0.19405
00000000000000000166_0,0.06956,0.12676,0,0.0609200000000001,0.0795400000000001,0.0632800000000001,0.05064,0.0628,0.0857,0,0.0228,0.0455,0.0278,0.019
00000000000000000065_0,0.10504,0.14424,0,0.307,0.14916,0.29948,0.22764,0.0645,0.1023,0,0.1547,0.1037,0.1566,0.1305
0000000000000000012f_0,0.0658800000000001,0.0959600000000001,0,0.39028,0.0696000000000001,0.23744,0.1256,0.06455,0.0816,0,0.23375,0.0667,0.20455,0.13105
00000000000000000061_0,0.0850200000000001,0.12324,0,0.3538,0.14142,0.33344,0.22556,0.066,0.095,0,0.3087,0.0733,0.2482,0.1483
00000000000000000171_0,0.0705600000000001,0.1098,0,0.391,0.0986400000000001,0.26412,0.13312,0.066,0.0839,0,0.3297,0.0628,0.2004,0.10065
0000000000000000009f_0,0.0933600000000001,0.12472,0,0.20888,0.10648,0.10788,0.0579600000000001,0.0667,0.09715,0,0.1341,0.10515,0.1019,0.05955
00000000000000000138_0,0.0898600000000001,0.13586,0,0.43732,0.12078,0.31824,0.18968,0.0667,0.1027,0,0.30485,0.1012,0.2441,0.1586
000000000000000000a8_0,0.0719000000000001,0.10064,0,0.20042,0.0937400000000001,0.17016,0.0995800000000001,0.0677,0.0875,0,0.1432,0.07965,0.1304,0.0802
000000000000000000f0_0,0.10624,0.14328,0,0.1992,0.13592,0.14556,0.0884,0.0677,0.0965,0,0.1091,0.0763,0.0658,0.0454
0000000000000000006c_0,0.10572,0.14372,0,0.37296,0.1532,0.35876,0.24936,0.06935,0.0986,0,0.36385,0.08255,0.24895,0.15235
0000000000000000000f_0,0.0398800000000001,0.0828600000000001,0,0.00962,0.036,0.0113,0.0103800000000001,0.0698,0.0844,0,0.02075,0.05845,0.01485,0.00905
000000000000000000e8_0,0.0963200000000001,0.13288,0,0.30696,0.1206,0.27088,0.19152,0.0698,0.0986,0,0.2105,0.1053,0.202,0.1475
000000000000000001a5_0,0.11284,0.14008,0,0.0809200000000001,0.10996,0.0440800000000001,0.0309200000000001,0.0698,0.0943,0,0.0401,0.0709,0.0521,0.0354
00000000000000000076_0,0.04948,0.11568,0,0.03612,0.0906400000000001,0.0137600000000001,0.01004,0.0703,0.09945,0,0.02865,0.0775,0.0207,0.01525
00000000000000000006_0,0.0413000000000001,0.0813200000000001,0,0.02174,0.0291200000000001,0.0217800000000001,0.01904,0.0705,0.0817,0,0.01655,0.03765,0.0114,0.00765
00000000000000000094_0,0.0658,0.0986800000000001,0,0.43492,0.0927600000000001,0.3652,0.18196,0.0705,0.08345,0,0.2651,0.0737,0.2621,0.1511
00000000000000000186_0,0.1032,0.14438,0,0.29972,0.14646,0.2615,0.1735,0.0714,0.0948,0,0.1533,0.0754,0.1598,0.1161
000000000000000000bb_0,0.0931600000000001,0.0907200000000001,0,0.12464,0.092,0.17392,0.15876,0.0725,0.0763,0,0.0948,0.0747,0.1263,0.1075
000000000000000000c9_0,0.15084,0.18336,0,0.05548,0.13788,0.0209200000000001,0.0131600000000001,0.0725,0.0971,0,0.005,0.042,0.007,0.0073
0000000000000000011a_0,0.12512,0.18008,0,0.09884,0.16676,0.0818,0.0696800000000001,0.07385,0.10945,0,0.04695,0.1166,0.0097,0.008
00000000000000000105_0,0.10356,0.13384,0,0.26084,0.13692,0.28596,0.23316,0.0747,0.0885,0,0.2154,0.08795,0.1942,0.1596
000000000000000000af_0,0.1086,0.1636,0,0.10084,0.14492,0.05392,0.0345200000000001,0.0757,0.1068,0,0.0681,0.084,0.06525,0.04305
000000000000000000c8_0,0.0914,0.14704,0,0.0674000000000001,0.15304,0.0114400000000001,0.0072,0.0757,0.1108,0,0.1394,0.1231,0.0744,0.051
000000000000000001b7_0,0.08224,0.12904,0,0.11464,0.1202,0.10288,0.0763200000000001,0.0757,0.1131,0,0.1033,0.0876,0.0764,0.0713
000000000000000000bf_0,0.06964,0.1088,0,0.35592,0.0906400000000001,0.23876,0.13792,0.0761,0.0986,0,0.2267,0.0868,0.1831,0.1238
00000000000000000172_0,0.04016,0.0942000000000001,0,0.0438000000000001,0.0558400000000001,0.05636,0.0476800000000001,0.0761,0.0836,0,0.0289,0.0544,0.026,0.0232
00000000000000000164_0,0.10324,0.154,0,0.04748,0.13768,0.01364,0.00824,0.0765,0.1127,0,0.0444,0.1131,0.0066,0.0048
0000000000000000017f_0,0.0462400000000001,0.10368,0,0.27212,0.08856,0.14112,0.0874,0.0765,0.1047,0,0.26505,0.11455,0.2935,0.22855
000000000000000000df_0,0.1142,0.17392,0,0.3902,0.19868,0.374,0.30636,0.0769,0.1034,0,0.3037,0.0993,0.2801,0.1922
00000000000000000178_0,0.0314800000000001,0.09196,0,0.0167200000000001,0.07696,0.00968,0.00848,0.0769,0.096,0,0.03625,0.07805,0.01545,0.0109
000000000000000001a1_0,0.0972200000000001,0.12866,0,0.33868,0.14166,0.43654,0.29362,0.0769,0.0989,0,0.23805,0.1188,0.352,0.2523
000000000000000001ad_0,0.0446,0.10848,0,0.41252,0.07908,0.2654,0.12728,0.0773,0.0959,0,0.2496,0.0856,0.168,0.1076
000000000000000000c5_0,0.0317600000000001,0.07812,0,0.02052,0.0353600000000001,0.0452000000000001,0.0343600000000001,0.0774,0.0888,0,0.0539,0.0657,0.0449,0.0404
000000000000000000d6_0,0.04704,0.08356,0,0.04632,0.05504,0.0481200000000001,0.0392400000000001,0.0781,0.10485,0,0.03995,0.0892,0.0315,0.02765
0000000000000000006f_0,0.09328,0.13316,0,0.4051,0.13668,0.37388,0.23368,0.0787,0.0927,0,0.28815,0.0931,0.25365,0.14635
0000000000000000003b_0,0.05274,0.10216,0,0.1503,0.10908,0.11166,0.0727,0.079,0.0967,0,0.147,0.0992,0.1358,0.096
000000000000000000f1_0,0.10128,0.14464,0,0.27572,0.13824,0.2464,0.16568,0.079,0.0959,0,0.1862,0.0989,0.1873,0.1327
00000000000000000162_0,0.0268,0.0917600000000001,0,0.00332,0.04748,0.00492,0.00568,0.079,0.108,0,0.0355,0.1043,0.0154,0.013
0000000000000000019f_0,0.12724,0.17344,0,0.35684,0.18724,0.3564,0.2776,0.0791,0.1043,0,0.20455,0.1113,0.19575,0.16095
00000000000000000165_0,0.11116,0.14314,0,0.08924,0.11788,0.04982,0.03296,0.0804,0.1002,0,0.0467,0.0725,0.0403,0.025
00000000000000000181_0,0.03012,0.10364,0,0.00644,0.0668800000000001,0.00616,0.00716,0.0804,0.1106,0,0.0293,0.0739,0.012,0.0092
000000000000000001a7_0,0.0570600000000001,0.1064,0,0.0219200000000001,0.07814,0.01414,0.01156,0.0806,0.1051,0,0.0561,0.0886,0.0389,0.0272
0000000000000000007f_0,0.0406,0.0998000000000001,0,0.0298000000000001,0.052,0.04388,0.0420800000000001,0.08515,0.10225,0,0.0362,0.05755,0.0179,0.01185
00000000000000000197_0,0.09584,0.1408,0,0.0850000000000001,0.13084,0.03096,0.0183200000000001,0.08515,0.11205,0,0.15775,0.1098,0.1342,0.0825
0000000000000000015d_0,0.0387200000000001,0.0604400000000001,0,0.0456600000000001,0.04158,0.0218,0.01572,0.0901,0.107,0,0.1375,0.0928,0.0805,0.0747
00000000000000000002_0,0.2174,0.33572,0,0.44092,0.35728,0.37884,0.36656,0.0943,0.11915,0,0.2278,0.11395,0.1884,0.14475
0000000000000000004f_0,0.0882400000000001,0.12666,0,0.21212,0.1473,0.21338,0.18046,0.0943,0.1238,0,0.1714,0.1416,0.2117,0.1851
0000000000000000009c_0,0.11128,0.14936,0,0.28834,0.1704,0.28666,0.24536,0.0955,0.1117,0,0.1944,0.1303,0.2125,0.2204
000000000000000000a3_0,0.07436,0.11068,0,0.36408,0.09572,0.20352,0.11772,0.0955,0.10555,0,0.27545,0.0954,0.18135,0.1215
00000000000000000100_0,0.0194,0.0711200000000001,0,0.00572,0.03284,0.01764,0.0187200000000001,0.0959,0.10335,0,0.069,0.0796,0.058,0.04755
0000000000000000019a_0,0.0271600000000001,0.0728,0,0.00316,0.02096,0.00756,0.00772,0.0959,0.106,0,0.048,0.0707,0.0327,0.02335
00000000000000000158_0,0.15068,0.1706,0,0.30836,0.19016,0.32584,0.25804,0.0966,0.1307,0,0.2714,0.1428,0.2775,0.2166
00000000000000000187_0,0.10324,0.1539,0,0.31422,0.16928,0.28444,0.22482,0.0966,0.1229,0,0.2187,0.1421,0.2089,0.1857
00000000000000000010_0,0.10052,0.1438,0,0.0436,0.10004,0.01828,0.01236,0.1009,0.1281,0,0.1806,0.1336,0.0965,0.0525
000000000000000000c7_0,0.0495600000000001,0.09384,0,0.0150000000000001,0.05448,0.0114400000000001,0.00936,0.1009,0.1186,0,0.111,0.1148,0.042,0.0241
00000000000000000104_0,0.0623200000000001,0.08816,0,0.0461000000000001,0.0676200000000001,0.0336200000000001,0.0271400000000001,0.1075,0.1238,0,0.08275,0.1061,0.07915,0.0697
0000000000000000018e_0,0.0686800000000001,0.0858800000000001,0,0.06992,0.0662800000000001,0.07596,0.0672800000000001,0.1075,0.1223,0,0.0818,0.0966,0.0852,0.0755
00000000000000000077_0,0.12736,0.17304,0,0.23532,0.18176,0.15056,0.12132,0.1206,0.138,0,0.1637,0.1318,0.1202,0.0951
0000000000000000007b_0,0.0423800000000001,0.0996000000000001,0,0.04048,0.0893400000000001,0.0199600000000001,0.0150400000000001,0.1206,0.1289,0,0.0947,0.114,0.0653,0.0532
000000000000000001ab_0,0.1664,0.1946,0,0.2466,0.20868,0.28864,0.24504,0.1208,0.1374,0,0.1514,0.1448,0.1774,0.1626
00000000000000000016_0,0.1197,0.15332,0,0.34516,0.1623,0.29398,0.19532,0.149,0.1881,0,0.2351,0.2068,0.2528,0.1965
00000000000000000023_0,0.0728,0.10688,1,0.25216,0.0890400000000001,0.11436,0.06032,0.0302,0.0547,1,0.1483,0.0408,0.0504,0.022
0000000000000000003d_0,0.0999600000000001,0.12464,1,0.12572,0.1122,0.07396,0.05532,0.0491,0.077,1,0.1899,0.0638,0.0953,0.048
000000000000000000ef_0,0.13748,0.1768,1,0.2768,0.18808,0.29844,0.21312,0.0867,0.11885,1,0.21715,0.1275,0.2077,0.15505
0000000000000000010c_0,0.02164,0.0634000000000001,1,0.45912,0.0385200000000001,0.12776,0.04788,0.03145,0.0517,1,0.31775,0.0286,0.09065,0.0402
0000000000000000016d_0,0.0963600000000001,0.15536,1,0.23288,0.16,0.18392,0.16108,0.0892,0.1213,1,0.1656,0.1374,0.1734,0.1339
000000000000000001c0_0,0.0535600000000001,0.0869200000000001,1,0.37484,0.0661200000000001,0.10996,0.0442400000000001,0.0215,0.0493,1,0.268,0.0368,0.0769,0.033
000000000000000001c1_0,0.0334200000000001,0.06018,1,0.30972,0.0458,0.10998,0.0467200000000001,0.05535,0.0666,1,0.2068,0.04565,0.07915,0.03575
000000000000000001c2_0,0.11346,0.15932,1,0.13434,0.14232,0.0984,0.0647400000000001,0.0752,0.1039,1,0.0769,0.1018,0.0707,0.0401
000000000000000001c3_0,0.11256,0.16588,1,0.10668,0.15416,0.0489600000000001,0.0294,0.08225,0.1112,1,0.1654,0.11725,0.1436,0.10635
000000000000000001c6_0,0.06208,0.0959600000000001,1,0.18708,0.08796,0.10712,0.0602400000000001,0.0423,0.0734,1,0.1588,0.0596,0.1023,0.0561
000000000000000001c8_0,0.0840000000000001,0.11072,1,0.27488,0.10912,0.186,0.11184,0.0832,0.0938,1,0.139,0.0671,0.0486,0.0231
000000000000000001c9_0,0.0601600000000001,0.11248,1,0.14024,0.11596,0.04204,0.02628,0.0795,0.1183,1,0.1336,0.1268,0.059,0.0322
000000000000000001cd_0,0.03312,0.0724400000000001,1,0.25436,0.0419200000000001,0.0692,0.02728,0.0472,0.0668,1,0.2669,0.0469,0.0903,0.0366
000000000000000001ce_0,0.0573400000000001,0.09032,1,0.3263,0.06842,0.12312,0.0520600000000001,0.0406,0.0586,1,0.2336,0.0398,0.0919,0.0365
000000000000000001cf_0,0.10888,0.14772,1,0.21242,0.15812,0.20198,0.12864,0.08365,0.1127,1,0.1509,0.1148,0.1432,0.0993
000000000000000001d0_0,0.0502800000000001,0.0808800000000001,1,0.24176,0.05792,0.14588,0.07336,0.0312,0.0492,1,0.1613,0.0338,0.0945,0.0503
000000000000000001d2_0,0.03872,0.07456,1,0.48092,0.05512,0.19908,0.0917800000000001,0.0324,0.0565,1,0.3635,0.0343,0.1527,0.0735
000000000000000001d3_0,0.0206000000000001,0.0652800000000001,1,0.63816,0.03388,0.17848,0.06164,0.0309,0.0501,1,0.4159,0.0248,0.1296,0.05205
000000000000000001d5_0,0.03044,0.0634000000000001,1,0.35848,0.0412400000000001,0.10788,0.04204,0.0262,0.04565,1,0.29235,0.02675,0.0803,0.0337
000000000000000001d6_0,0.0862000000000001,0.12436,1,0.30236,0.12248,0.20372,0.10852,0.0462,0.0766,1,0.1488,0.0564,0.0545,0.0311
000000000000000001d7_0,0.0335200000000001,0.07912,1,0.298,0.0515200000000001,0.0751200000000001,0.02724,0.0813,0.1041,1,0.1286,0.09045,0.05725,0.03065
000000000000000001d9_0,0.08752,0.12244,1,0.12916,0.0964800000000001,0.0706000000000001,0.0539600000000001,0.0604,0.09065,1,0.13365,0.07265,0.08085,0.04885
000000000000000001da_0,0.041,0.0890400000000001,1,0.44708,0.06924,0.2538,0.12272,0.0361,0.072,1,0.3781,0.0535,0.2122,0.1049
000000000000000001db_0,0.02596,0.05488,1,0.34684,0.0360800000000001,0.0800400000000001,0.03344,0.05305,0.06135,1,0.25445,0.0425,0.06055,0.02485
000000000000000001de_0,0.03744,0.07708,1,0.42296,0.04648,0.11248,0.0414800000000001,0.05355,0.0715,1,0.3454,0.0452,0.10655,0.0411
000000000000000001e4_0,0.0641600000000001,0.10876,1,0.33578,0.0989400000000001,0.23472,0.1627,0.0823,0.0923,1,0.2341,0.0828,0.1452,0.1262
000000000000000001e5_0,0.12736,0.16064,1,0.3822,0.16852,0.36768,0.22252,0.0932,0.1264,1,0.30295,0.13125,0.29885,0.18935
000000000000000001e8_0,0.0522600000000001,0.08576,1,0.34772,0.0642400000000001,0.14098,0.06878,0.0332,0.0518,1,0.2656,0.0319,0.1023,0.0434
000000000000000001e9_0,0.1062,0.13172,1,0.1602,0.12584,0.11764,0.07824,0.071,0.1043,1,0.1559,0.1127,0.153,0.1255
000000000000000001ea_0,0.06264,0.0927600000000001,1,0.22576,0.0780400000000001,0.181,0.1062,0.0261,0.0595,1,0.2207,0.0413,0.1497,0.0795
000000000000000001ec_0,0.0638800000000001,0.10012,1,0.29104,0.0982400000000001,0.1972,0.1124,0.0526,0.08,1,0.2006,0.0632,0.169,0.0946
000000000000000001ef_0,0.03232,0.0849200000000001,1,0.45404,0.0535000000000001,0.12488,0.04594,0.0264,0.0541,1,0.3082,0.0366,0.0863,0.0335
000000000000000001f2_0,0.021,0.0558400000000001,1,0.42676,0.03084,0.11228,0.0384800000000001,0.033,0.0501,1,0.296,0.0302,0.083,0.0316
000000000000000001f3_0,0.0853,0.13038,1,0.1437,0.11564,0.0979000000000001,0.0549,0.0688,0.0939,1,0.0778,0.0728,0.027,0.0147
000000000000000001f4_0,0.08112,0.11704,1,0.0926400000000001,0.1052,0.0864400000000001,0.0622800000000001,0.0639,0.0798,1,0.156,0.0849,0.1601,0.1141
000000000000000001f6_0,0.06568,0.11208,1,0.1638,0.0935000000000001,0.0629800000000001,0.02794,0.08115,0.107,1,0.19195,0.1105,0.11255,0.0583
000000000000000001f7_0,0.0498000000000001,0.0925200000000001,1,0.0417600000000001,0.0556800000000001,0.0156000000000001,0.00892,0.06885,0.0854,1,0.0318,0.06575,0.01825,0.01275
000000000000000001f8_0,0.10392,0.1494,1,0.1776,0.14302,0.13778,0.08246,0.08235,0.1174,1,0.0432,0.1131,0.02985,0.01885
000000000000000001f9_0,0.0374,0.0723200000000001,1,0.35526,0.0534000000000001,0.1186,0.0512000000000001,0.05275,0.06765,1,0.2382,0.04605,0.0839,0.03635
000000000000000001fa_0,0.05272,0.0989600000000001,1,0.30812,0.0882000000000001,0.2396,0.13728,0.0458,0.0674,1,0.2119,0.0594,0.1286,0.0759
000000000000000001fb_0,0.0567200000000001,0.09342,1,0.243,0.0730000000000001,0.1098,0.0512400000000001,0.068,0.0825,1,0.179,0.0534,0.0526,0.0203
000000000000000001fc_0,0.06168,0.107,1,0.33202,0.0844600000000001,0.14754,0.07794,0.0374,0.0624,1,0.2211,0.0489,0.1252,0.0771
000000000000000001fe_0,0.09556,0.12598,1,0.2016,0.1175,0.0915200000000001,0.0493000000000001,0.0611,0.09,1,0.159,0.093,0.0752,0.0441
000000000000000001ff_0,0.0615600000000001,0.11092,1,0.14244,0.0806000000000001,0.05116,0.02856,0.08325,0.11115,1,0.09725,0.0896,0.05685,0.03925
00000000000000000201_0,0.0929200000000001,0.13668,1,0.23948,0.14224,0.15916,0.08768,0.0465,0.0655,1,0.0142,0.0376,0.006,0.0049
00000000000000000202_0,0.0242000000000001,0.06608,1,0.33048,0.0369200000000001,0.10628,0.0449600000000001,0.04935,0.06595,1,0.2298,0.03955,0.0753,0.03445
00000000000000000203_0,0.0570800000000001,0.09772,1,0.32664,0.0808,0.11884,0.0552,0.014,0.0455,1,0.2949,0.0201,0.0742,0.0302
00000000000000000204_0,0.04776,0.10072,1,0.19624,0.07464,0.0713200000000001,0.03468,0.06635,0.08415,1,0.2075,0.0745,0.11845,0.06205
00000000000000000205_0,0.0490800000000001,0.0840400000000001,1,0.2916,0.0733200000000001,0.11288,0.0577200000000001,0.02755,0.04705,1,0.2423,0.03235,0.08465,0.0393
00000000000000000209_0,0.0446,0.08368,1,0.40132,0.05676,0.0990800000000001,0.03684,0.05405,0.06995,1,0.3212,0.0459,0.0957,0.03875
0000000000000000020a_0,0.0817600000000001,0.11768,1,0.26824,0.12008,0.187,0.10552,0.0848,0.0999,1,0.0895,0.0685,0.0412,0.0463
0000000000000000020b_0,0.0315200000000001,0.06748,1,0.4218,0.0406,0.15296,0.0624400000000001,0.0568,0.0701,1,0.277,0.0529,0.1055,0.0494
0000000000000000020c_0,0.1459,0.22044,1,0.4346,0.2549,0.44678,0.3594,0.12675,0.1805,1,0.33825,0.2141,0.3283,0.28155
0000000000000000020d_0,0.0862000000000001,0.11992,1,0.22108,0.11344,0.16864,0.12196,0.0539,0.0813,1,0.1143,0.0669,0.08475,0.06085
0000000000000000020f_0,0.0754,0.1104,1,0.17636,0.0924,0.0461200000000001,0.02108,0.0301,0.0661,1,0.2078,0.0472,0.0484,0.0195
00000000000000000214_0,0.0738800000000001,0.11864,1,0.06376,0.0849200000000001,0.02368,0.01464,0.0994,0.1175,1,0.0643,0.0868,0.0331,0.0257
00000000000000000215_0,0.0917000000000001,0.14552,1,0.19626,0.1427,0.20066,0.13136,0.10535,0.1318,1,0.291,0.1253,0.22165,0.15755
00000000000000000217_0,0.0489800000000001,0.0878600000000001,1,0.38752,0.0645800000000001,0.13988,0.0679000000000001,0.0295,0.0491,1,0.2634,0.0308,0.094,0.0405
00000000000000000219_0,0.0752,0.103,1,0.29528,0.0916000000000001,0.20196,0.12256,0.0258,0.0448,1,0.1951,0.05025,0.13625,0.08785
000000000000000001ee_0,0.06036,0.0985200000000001,1,0.25532,0.0891600000000001,0.10672,0.0620000000000001,0.0265,0.0582,1,0.1559,0.0348,0.0551,0.0271
000000000000000001eb_0,0.0508400000000001,0.0950800000000001,1,0.28808,0.08396,0.13132,0.0658800000000001,0.0314,0.0568,1,0.1841,0.0474,0.0864,0.0441
000000000000000000d9_0,0.0611200000000001,0.0968000000000001,1,0.2342,0.0777200000000001,0.0929200000000001,0.04432,0.0352,0.057,1,0.1267,0.0395,0.0438,0.0211
00000000000000000200_0,0.0355200000000001,0.0803200000000001,1,0.27924,0.06264,0.08324,0.032,0.0352,0.058,1,0.195,0.0407,0.05205,0.02225
000000000000000001c5_0,0.0307000000000001,0.0504200000000001,1,0.25836,0.0393200000000001,0.0947400000000001,0.04704,0.0372,0.0507,1,0.2161,0.031,0.0646,0.0326
000000000000000001c4_0,0.02296,0.06484,1,0.45176,0.0436800000000001,0.1167,0.04434,0.0389,0.0557,1,0.3471,0.03395,0.09375,0.0356
000000000000000000ea_0,0.0339200000000001,0.0722,1,0.50884,0.0486400000000001,0.20336,0.0877600000000001,0.041,0.0638,1,0.4037,0.041,0.167,0.0774
000000000000000001e3_0,0.0293200000000001,0.0704400000000001,1,0.539,0.0319200000000001,0.12556,0.0432400000000001,0.0523,0.07185,1,0.43655,0.04195,0.12705,0.0432
000000000000000001f1_0,0.0636000000000001,0.11,1,0.31332,0.0999200000000001,0.1438,0.07492,0.0523,0.08185,1,0.2387,0.0715,0.1076,0.0615
00000000000000000143_0,0.0775600000000001,0.11064,1,0.38136,0.0870800000000001,0.24108,0.13248,0.05295,0.08095,1,0.14845,0.08355,0.1571,0.10345
00000000000000000211_0,0.0393600000000001,0.07424,1,0.3644,0.0545200000000001,0.13384,0.05576,0.05295,0.072,1,0.2431,0.05405,0.098,0.04575
000000000000000001e7_0,0.05452,0.09138,1,0.31292,0.07048,0.1138,0.048,0.053,0.06705,1,0.2009,0.05285,0.07535,0.0321
000000000000000001f0_0,0.0357800000000001,0.08016,1,0.22942,0.0706600000000001,0.08906,0.0417800000000001,0.053,0.06795,1,0.16425,0.0615,0.07015,0.03775
000000000000000001dd_0,0.0933600000000001,0.12772,1,0.33116,0.12052,0.2034,0.11948,0.0544,0.0726,1,0.2246,0.0569,0.1033,0.0511
000000000000000001d8_0,0.0443600000000001,0.0986400000000001,1,0.38088,0.0584400000000001,0.12436,0.04728,0.0545,0.0709,1,0.2738,0.0514,0.0997,0.043
000000000000000001dc_0,0.0219,0.06794,1,0.32302,0.0489,0.12284,0.0533,0.0546,0.06575,1,0.23595,0.04745,0.08165,0.0365
000000000000000001df_0,0.05938,0.0966400000000001,1,0.3689,0.0748200000000001,0.18682,0.08094,0.05955,0.07505,1,0.2121,0.0564,0.1118,0.0509
000000000000000001c7_0,0.0750400000000001,0.12376,1,0.0824,0.104,0.03316,0.0198,0.0624,0.091,1,0.0448,0.0661,0.0129,0.0068
0000000000000000020e_0,0.0354600000000001,0.07522,1,0.36298,0.06024,0.12464,0.0533400000000001,0.0689,0.0807,1,0.205,0.0712,0.1005,0.0627
000000000000000001cb_0,0.03448,0.06764,1,0.3377,0.0505400000000001,0.10112,0.0439600000000001,0.06935,0.08435,1,0.2283,0.0662,0.0871,0.0402
000000000000000001ed_0,0.0880400000000001,0.12552,1,0.11144,0.0952000000000001,0.03344,0.01556,0.0705,0.0958,1,0.08,0.0665,0.0214,0.0097
000000000000000001e0_0,0.08628,0.1332,1,0.1196,0.1012,0.0374800000000001,0.01612,0.0714,0.0999,1,0.0781,0.0654,0.0376,0.0185
00000000000000000207_0,0.04072,0.08928,1,0.19048,0.04444,0.05088,0.02012,0.0753,0.09745,1,0.2291,0.0834,0.10085,0.04325
00000000000000000216_0,0.04084,0.0713200000000001,1,0.33328,0.0504000000000001,0.12024,0.04504,0.0753,0.0854,1,0.2759,0.0668,0.0967,0.0479
000000000000000001f5_0,0.0732800000000001,0.1192,1,0.133,0.1006,0.10396,0.0753200000000001,0.07575,0.0932,1,0.11025,0.0792,0.08365,0.05805
00000000000000000210_0,0.03996,0.07488,1,0.2422,0.06096,0.0826200000000001,0.0407,0.0761,0.0991,1,0.1886,0.0755,0.0917,0.0534
000000000000000001e2_0,0.0538000000000001,0.0993200000000001,1,0.34664,0.0972400000000001,0.27516,0.1486,0.0773,0.10965,1,0.30945,0.12475,0.2842,0.206
00000000000000000206_0,0.10752,0.14664,1,0.14716,0.12904,0.12028,0.0824400000000001,0.0774,0.1035,1,0.1279,0.1052,0.1274,0.0857
000000000000000001e1_0,0.06704,0.0931600000000001,1,0.30004,0.08108,0.15816,0.0724000000000001,0.0781,0.0913,1,0.2219,0.0754,0.1189,0.0626
000000000000000000e4_0,0.05088,0.08252,1,0.21448,0.0698400000000001,0.0873600000000001,0.04704,0.0787,0.0878,1,0.1295,0.0657,0.0576,0.0315
000000000000000000f6_0,0.10156,0.125,0,0.0398000000000001,0.0760400000000001,0.01796,0.0122,0.0603,0.0764,0,0.0146,0.0366,0.0068,0.0056
000000000000000000d1_0,0.06048,0.09544,0,0.0300800000000001,0.05188,0.0211600000000001,0.0153200000000001,0.0582,0.0797,0,0.0162,0.0345,0.0095,0.0102
00000000000000000155_0,0.0805600000000001,0.11164,0,0.0644000000000001,0.0787200000000001,0.0402000000000001,0.03088,0.06965,0.09025,0,0.01775,0.05605,0.0129,0.00985
00000000000000000024_0,0.0486400000000001,0.0938000000000001,0,0.0672800000000001,0.0724400000000001,0.0423600000000001,0.02924,0.0418,0.0617,0,0.02325,0.0385,0.01705,0.01425
0000000000000000005d_0,0.10684,0.14932,0,0.07696,0.11088,0.0656000000000001,0.0511200000000001,0.07505,0.09405,0,0.0237,0.05515,0.01595,0.01475
0000000000000000016e_0,0.0284800000000001,0.09668,0,0.00756,0.0585600000000001,0.0064,0.00748,0.0703,0.0923,0,0.0215,0.0563,0.0139,0.0107
00000000000000000109_0,0.0272000000000001,0.0860800000000001,0,0.03412,0.0436800000000001,0.0389200000000001,0.0364,0.0623,0.0826,0,0.0224,0.0487,0.0115,0.0086
00000000000000000128_0,0.04072,0.11372,0,0.0444800000000001,0.06092,0.03712,0.03,0.06615,0.079,0,0.02775,0.0439,0.02295,0.0187
000000000000000000d4_0,0.0377400000000001,0.0578600000000001,0,0.00124,0.00748,0.01474,0.01534,0.079,0.0757,0,0.0296,0.0401,0.0204,0.0148
0000000000000000017e_0,0.0214400000000001,0.0670000000000001,0,0.00308,0.0177600000000001,0.00664,0.00684,0.0806,0.09585,0,0.025,0.05735,0.0114,0.0062
0000000000000000001d_0,0.0316,0.0729200000000001,0,0.0,0.0117,0.01266,0.01444,0.0764,0.0783,0,0.0295,0.0414,0.0148,0.0103
00000000000000000183_0,0.03412,0.11026,0,0.01614,0.05082,0.0375200000000001,0.0354600000000001,0.08855,0.09565,0,0.02935,0.05165,0.01535,0.0105
000000000000000000aa_0,0.0525000000000001,0.0971200000000001,0,0.0478200000000001,0.0625600000000001,0.0277400000000001,0.02174,0.0826,0.0954,0,0.0343,0.0627,0.0151,0.0131
000000000000000000f4_0,0.10184,0.13672,0,0.05988,0.10864,0.0182000000000001,0.00952,0.0798,0.1022,0,0.0318,0.0866,0.01265,0.00925
000000000000000000cc_0,0.0784400000000001,0.11772,0,0.0606800000000001,0.09716,0.0167200000000001,0.01152,0.0535,0.0821,0,0.036,0.063,0.0163,0.0102
000000000000000000e7_0,0.0718,0.0909200000000001,0,0.05816,0.0695600000000001,0.01836,0.01052,0.06455,0.07505,0,0.03635,0.0551,0.0209,0.01565
00000000000000000098_0,0.04116,0.0750400000000001,0,0.0223200000000001,0.0448000000000001,0.01268,0.00844,0.0834,0.0963,0,0.04345,0.07345,0.01865,0.01285
000000000000000001b3_0,0.10944,0.14892,0,0.05192,0.12644,0.01608,0.00928,0.0834,0.1131,0,0.0342,0.1014,0.0149,0.01035
00000000000000000063_0,0.10668,0.14924,0,0.12868,0.15124,0.02544,0.0157600000000001,0.0696,0.0947,0,0.0496,0.0631,0.0449,0.0413
00000000000000000092_0,0.04596,0.08402,0,0.0,0.02602,0.00402,0.00546,0.109,0.1159,0,0.0433,0.0803,0.0193,0.0127
0000000000000000015e_0,0.023,0.0598400000000001,0,0.0254,0.0277600000000001,0.041,0.0322000000000001,0.0978,0.0975,0,0.0635,0.0741,0.057,0.0422
000000000000000000e9_0,0.0794800000000001,0.11348,0,0.05004,0.10796,0.0253200000000001,0.02124,0.0791,0.10795,0,0.06435,0.09145,0.0296,0.0211
00000000000000000055_0,0.0834200000000001,0.11002,0,0.20644,0.10528,0.21334,0.13006,0.06245,0.08175,0,0.1084,0.0852,0.1042,0.0695
0000000000000000013b_0,0.0913600000000001,0.1176,0,0.11124,0.11396,0.0893200000000001,0.06208,0.0628,0.0842,0,0.1094,0.0931,0.1214,0.0947
00000000000000000008_0,0.04444,0.0827200000000001,0,0.3172,0.04944,0.18948,0.10748,0.02845,0.04625,0,0.1747,0.03225,0.1034,0.0544
00000000000000000213_0,0.0686800000000001,0.11304,1,0.1234,0.0952000000000001,0.0505200000000001,0.03244,0.0468,0.0647,1,0.1776,0.0533,0.0971,0.0653
000000000000000000ed_0,0.0944,0.13804,0,0.20112,0.12856,0.15324,0.10212,0.0689,0.0881,0,0.1678,0.08035,0.16075,0.1162
00000000000000000212_0,0.0451200000000001,0.0844,1,0.3084,0.0737200000000001,0.14032,0.0560000000000001,0.0451,0.0662,1,0.18205,0.04755,0.0687,0.03015
00000000000000000051_0,0.1242,0.16044,0,0.29232,0.16604,0.24864,0.19468,0.1077,0.1309,0,0.1845,0.1319,0.2051,0.1866
0000000000000000016b_0,0.0615000000000001,0.10254,0,0.3134,0.1124,0.22426,0.14804,0.0439,0.0685,0,0.1845,0.0847,0.1468,0.1021
00000000000000000085_0,0.12016,0.15572,0,0.24812,0.1808,0.30764,0.24592,0.1128,0.1392,0,0.2119,0.1651,0.2354,0.2055
000000000000000001a2_0,0.0608000000000001,0.0973200000000001,0,0.40142,0.0857600000000001,0.27668,0.16276,0.0516,0.06975,0,0.2268,0.0718,0.2309,0.1627
00000000000000000069_0,0.0,0.0707600000000001,0,0.30384,0.07296,0.31652,0.23688,0.1374,0.1455,0,0.2034,0.1454,0.1987,0.1618
000000000000000001a4_0,0.0846000000000001,0.115,0,0.36076,0.10412,0.25524,0.16032,0.0616,0.07935,0,0.20265,0.0823,0.17905,0.1298
00000000000000000058_0,0.0744400000000001,0.11562,0,0.32792,0.1413,0.37822,0.26226,0.0559,0.0698,0,0.215,0.0602,0.1353,0.0735
00000000000000000169_0,0.0992000000000001,0.12668,0,0.28132,0.1334,0.31108,0.20028,0.07635,0.1008,0,0.2029,0.11845,0.2477,0.1781
00000000000000000009_0,0.0700200000000001,0.09926,0,0.3472,0.1004,0.21164,0.13056,0.0571,0.087,0,0.2176,0.1024,0.1584,0.1212
00000000000000000112_0,0.11922,0.17018,0,0.361,0.1822,0.30166,0.22088,0.07385,0.0931,0,0.22895,0.0944,0.2232,0.1692
0000000000000000003c_0,0.0869200000000001,0.11416,0,0.34372,0.10332,0.2258,0.13488,0.0424,0.0629,0,0.2239,0.0613,0.1686,0.1106
00000000000000000208_0,0.0897200000000001,0.12618,1,0.18676,0.10746,0.0898000000000001,0.05484,0.0649,0.0851,1,0.2027,0.0731,0.0899,0.0571
000000000000000000d3_0,0.21364,0.27284,0,0.41784,0.31156,0.39864,0.35464,0.1656,0.1928,0,0.2459,0.2117,0.2688,0.2608
00000000000000000029_0,0.14532,0.17596,0,0.28712,0.18824,0.28312,0.1994,0.1208,0.1497,0,0.22145,0.15675,0.2237,0.1669
000000000000000001be_0,0.06336,0.11492,0,0.15812,0.10064,0.11284,0.0661600000000001,0.0624,0.0923,0,0.2256,0.0852,0.1708,0.10105
000000000000000001d1_0,0.0611600000000001,0.10144,1,0.3229,0.0792400000000001,0.13758,0.0629400000000001,0.0564,0.0789,1,0.2223,0.0579,0.1139,0.0654
0000000000000000003f_0,0.0979,0.1374,0,0.29618,0.13468,0.27204,0.17172,0.095,0.1317,0,0.2371,0.1256,0.2247,0.1486
00000000000000000070_0,0.17736,0.20564,0,0.3486,0.24856,0.36464,0.27848,0.14,0.1573,0,0.2593,0.1627,0.27175,0.2112
000000000000000001b9_0,0.13958,0.20278,0,0.37924,0.25454,0.49674,0.43142,0.0901,0.1201,0,0.25875,0.14315,0.31285,0.26125
00000000000000000059_0,0.11472,0.14156,0,0.30928,0.13844,0.30104,0.20532,0.0802,0.1092,0,0.2605,0.1151,0.2469,0.1892
00000000000000000097_0,0.0332400000000001,0.0702,0,0.43028,0.0465200000000001,0.18836,0.0734000000000001,0.0729,0.0734,0,0.245,0.0529,0.1184,0.0588
0000000000000000019c_0,0.14124,0.17608,0,0.3712,0.2,0.4806,0.39694,0.09345,0.1261,0,0.2622,0.15575,0.33975,0.29055
00000000000000000032_0,0.05766,0.10398,0,0.319,0.11194,0.22554,0.12368,0.0571,0.0925,0,0.262,0.0869,0.1766,0.0898
00000000000000000066_0,0.06552,0.09756,0,0.44404,0.0711600000000001,0.23668,0.11056,0.07615,0.1002,0,0.26895,0.08865,0.22885,0.1455
00000000000000000192_0,0.0724000000000001,0.10308,0,0.39268,0.0966400000000001,0.25016,0.13592,0.0478,0.0662,0,0.2642,0.0615,0.1959,0.125
000000000000000000b1_0,0.0869400000000001,0.12586,0,0.36888,0.11248,0.27382,0.17388,0.0991,0.12085,0,0.2847,0.11605,0.25435,0.18695
00000000000000000021_0,0.0840400000000001,0.1504,0,0.22292,0.16852,0.0694000000000001,0.0416800000000001,0.07855,0.10995,0,0.2861,0.1466,0.3734,0.25245
00000000000000000124_0,0.05176,0.1036,0,0.37644,0.0823200000000001,0.23796,0.13072,0.03865,0.0638,0,0.28025,0.0564,0.202,0.10945
00000000000000000147_0,0.04988,0.10356,0,0.3666,0.0727600000000001,0.21528,0.11708,0.0464,0.0683,0,0.3334,0.04365,0.19045,0.08895
000000000000000001e6_0,0.04028,0.07436,1,0.36772,0.05348,0.1414,0.0582400000000001,0.03215,0.0511,1,0.314,0.032,0.09585,0.04
000000000000000000fd_0,0.05366,0.1007,0,0.4317,0.0669800000000001,0.24004,0.12162,0.0358,0.0632,0,0.3117,0.042,0.1787,0.092
00000000000000000102_0,0.05968,0.10742,0,0.57388,0.0842600000000001,0.30684,0.14466,0.0548,0.07845,0,0.3791,0.05905,0.21095,0.11115
00000000000000000168_0,0.07546,0.11424,0,0.43838,0.10072,0.36474,0.20686,0.107,0.13935,0,0.36255,0.13015,0.2575,0.16095
